Cadence Genus(TM) Synthesis Solution.
Copyright 2022 Cadence Design Systems, Inc. All rights reserved worldwide.
Cadence and the Cadence logo are registered trademarks and Genus is a trademark
of Cadence Design Systems, Inc. in the United States and other countries.

[16:28:59.275961] Configured Lic search path (21.01-s002): 5280@14.139.1.126

Version: 21.14-s082_1, built Thu Jun 23 02:02:08 PDT 2022
Options: 
Date:    Thu May 14 16:28:59 2026
Host:    vlsi11.blr.amrita.edu (x86_64 w/Linux 4.18.0-425.3.1.el8.x86_64) (6cores*12cpus*1physical cpu*Intel(R) Core(TM) i5-10500 CPU @ 3.10GHz 12288KB) (7916700KB)
PID:     21645
OS:      Red Hat Enterprise Linux release 8.7 (Ootpa)


[16:29:02.070778] Periodic Lic check successful
[16:29:02.070785] Feature usage summary:
[16:29:02.070785] Genus_Synthesis
Checking out license: Genus_Synthesis (3 seconds elapsed).


***********************************************************************************************************
***********************************************************************************************************



Loading tool scripts...
Finished loading tool scripts (7 seconds elapsed).

WARNING: This version of the tool is 1421 days old.
@genus:root: 1> source run.tcl
Sourcing './run.tcl' (Thu May 14 16:29:17 IST 2026)...
#@ Begin verbose source ./run.tcl
@file(run.tcl) 1: set_db init_lib_search_path /home/install/FOUNDRY/digital/45nm/LIBS/lib/max/ 
  Setting attribute of root '/': 'init_lib_search_path' = /home/install/FOUNDRY/digital/45nm/LIBS/lib/max/
@file(run.tcl) 2: set_db lef_library /home/install/FOUNDRY/digital/45nm/LIBS/lef/gsclib045.fixed.lef

  According to lef_library, there are total 9 routing layers [ V(4) / H(5) ]

  Setting attribute of root '/': 'lef_library' = /home/install/FOUNDRY/digital/45nm/LIBS/lef/gsclib045.fixed.lef
@file(run.tcl) 3: set_db library  slow.lib

Threads Configured:3

  Message Summary for Library slow.lib:
  *************************************
  Missing a function attribute in the output pin definition. [LBR-518]: 1
  Missing library level attribute. [LBR-516]: 1
  *************************************
 
Info    : Created nominal operating condition. [LBR-412]
        : Operating condition '_nominal_' was created for the PVT values (1.000000, 1.080000, 125.000000) in library 'slow.lib'.
        : The nominal operating condition is represented, either by the nominal PVT values specified in the library source (via nom_process,nom_voltage and nom_temperature respectively), or by the default PVT values (1.0,1.0,1.0).
Warning : Libcell has no area attribute.  Defaulting to 0 area. [LBR-43]
        : Assigning 0 area to library cell 'gpdk045bc/ADDFHX2'.
        : Specify a valid area value for the libcell.
Warning : Libcell has no area attribute.  Defaulting to 0 area. [LBR-43]
        : Assigning 0 area to library cell 'gpdk045bc/ADDFHX4'.
Warning : Libcell has no area attribute.  Defaulting to 0 area. [LBR-43]
        : Assigning 0 area to library cell 'gpdk045bc/ADDFHXL'.
Warning : Libcell has no area attribute.  Defaulting to 0 area. [LBR-43]
        : Assigning 0 area to library cell 'gpdk045bc/ADDFXL'.
Warning : Libcell has no area attribute.  Defaulting to 0 area. [LBR-43]
        : Assigning 0 area to library cell 'gpdk045bc/ADDHX2'.
Warning : Libcell has no area attribute.  Defaulting to 0 area. [LBR-43]
        : Assigning 0 area to library cell 'gpdk045bc/ADDHXL'.
Warning : Libcell has no area attribute.  Defaulting to 0 area. [LBR-43]
        : Assigning 0 area to library cell 'gpdk045bc/AND2X4'.
Warning : Libcell has no area attribute.  Defaulting to 0 area. [LBR-43]
        : Assigning 0 area to library cell 'gpdk045bc/AND2X6'.
Warning : Libcell has no area attribute.  Defaulting to 0 area. [LBR-43]
        : Assigning 0 area to library cell 'gpdk045bc/AND2XL'.
Warning : Libcell has no area attribute.  Defaulting to 0 area. [LBR-43]
        : Assigning 0 area to library cell 'gpdk045bc/AND3X1'.
Warning : Libcell has no area attribute.  Defaulting to 0 area. [LBR-43]
        : Assigning 0 area to library cell 'gpdk045bc/AND3X8'.
Warning : Libcell has no area attribute.  Defaulting to 0 area. [LBR-43]
        : Assigning 0 area to library cell 'gpdk045bc/AND3XL'.
Warning : Libcell has no area attribute.  Defaulting to 0 area. [LBR-43]
        : Assigning 0 area to library cell 'gpdk045bc/AND4X1'.
Warning : Libcell has no area attribute.  Defaulting to 0 area. [LBR-43]
        : Assigning 0 area to library cell 'gpdk045bc/AND4X4'.
Warning : Libcell has no area attribute.  Defaulting to 0 area. [LBR-43]
        : Assigning 0 area to library cell 'gpdk045bc/AND4X8'.
Warning : Libcell has no area attribute.  Defaulting to 0 area. [LBR-43]
        : Assigning 0 area to library cell 'gpdk045bc/AND4XL'.
Warning : Libcell has no area attribute.  Defaulting to 0 area. [LBR-43]
        : Assigning 0 area to library cell 'gpdk045bc/AO21X1'.
Warning : Libcell has no area attribute.  Defaulting to 0 area. [LBR-43]
        : Assigning 0 area to library cell 'gpdk045bc/AO21X2'.
Warning : Libcell has no area attribute.  Defaulting to 0 area. [LBR-43]
        : Assigning 0 area to library cell 'gpdk045bc/AO21XL'.
Warning : Libcell has no area attribute.  Defaulting to 0 area. [LBR-43]
        : Assigning 0 area to library cell 'gpdk045bc/AO22X1'.
Warning : Maximum message print count reached. [MESG-11]
        : Maximum print count of '20' reached for message 'LBR-43'.
  Library has 291 usable logic and 126 usable sequential lib-cells.
Warning : Inconsistency detected among the units specified in the timing libraries being used. [LBR-714]
        : Libraries with inconsistent time/capacitance units were loaded.
        : Default system time/capacitance unit will be used.
  Setting attribute of root '/': 'library' = slow.lib
@file(run.tcl) 4: read_hdl {./fourburstonlycache.v}
Warning : Ignoring non-printable character. [VLOGPT-12]
        : Ignoring character (0xc2) in file './fourburstonlycache.v' on line 46.
        : A non-printing character which is not a whitespace or format control character is ignored.
Warning : Ignoring non-printable character. [VLOGPT-12]
        : Ignoring character (0xa0) in file './fourburstonlycache.v' on line 46.
Warning : Ignoring non-printable character. [VLOGPT-12]
        : Ignoring character (0xc2) in file './fourburstonlycache.v' on line 46.
Warning : Ignoring non-printable character. [VLOGPT-12]
        : Ignoring character (0xa0) in file './fourburstonlycache.v' on line 46.
Warning : Ignoring non-printable character. [VLOGPT-12]
        : Ignoring character (0xc2) in file './fourburstonlycache.v' on line 47.
Warning : Ignoring non-printable character. [VLOGPT-12]
        : Ignoring character (0xa0) in file './fourburstonlycache.v' on line 47.
Warning : Ignoring non-printable character. [VLOGPT-12]
        : Ignoring character (0xc2) in file './fourburstonlycache.v' on line 47.
Warning : Ignoring non-printable character. [VLOGPT-12]
        : Ignoring character (0xa0) in file './fourburstonlycache.v' on line 47.
Warning : Ignoring non-printable character. [VLOGPT-12]
        : Ignoring character (0xc2) in file './fourburstonlycache.v' on line 47.
Warning : Ignoring non-printable character. [VLOGPT-12]
        : Ignoring character (0xa0) in file './fourburstonlycache.v' on line 47.
Warning : Ignoring non-printable character. [VLOGPT-12]
        : Ignoring character (0xc2) in file './fourburstonlycache.v' on line 47.
Warning : Ignoring non-printable character. [VLOGPT-12]
        : Ignoring character (0xa0) in file './fourburstonlycache.v' on line 47.
Warning : Ignoring non-printable character. [VLOGPT-12]
        : Ignoring character (0xc2) in file './fourburstonlycache.v' on line 48.
Warning : Ignoring non-printable character. [VLOGPT-12]
        : Ignoring character (0xa0) in file './fourburstonlycache.v' on line 48.
Warning : Ignoring non-printable character. [VLOGPT-12]
        : Ignoring character (0xc2) in file './fourburstonlycache.v' on line 48.
Warning : Ignoring non-printable character. [VLOGPT-12]
        : Ignoring character (0xa0) in file './fourburstonlycache.v' on line 48.
Warning : Ignoring non-printable character. [VLOGPT-12]
        : Ignoring character (0xc2) in file './fourburstonlycache.v' on line 49.
Warning : Ignoring non-printable character. [VLOGPT-12]
        : Ignoring character (0xa0) in file './fourburstonlycache.v' on line 49.
Warning : Ignoring non-printable character. [VLOGPT-12]
        : Ignoring character (0xc2) in file './fourburstonlycache.v' on line 49.
Warning : Ignoring non-printable character. [VLOGPT-12]
        : Ignoring character (0xa0) in file './fourburstonlycache.v' on line 49.
Warning : Maximum message print count reached. [MESG-11]
        : Maximum print count of '20' reached for message 'VLOGPT-12'.
@file(run.tcl) 5: elaborate
Info    : Elaborating Design. [ELAB-1]
        : Elaborating top-level block 'ECC_Cache_System' from file './fourburstonlycache.v'.
Info    : Reversed the data and condition priority for priority mux chain (possibly created from loop based RTL), using new loop reversal algorithm. [CDFG-780]
        : Priority chain of muxes in module 'BCH23_16_Decoder_4burst' in file './fourburstonlycache.v' on line 464.
Info    : Done Elaborating Design. [ELAB-3]
        : Done elaborating 'ECC_Cache_System'.
Checking for analog nets...
Check completed for analog nets.
Checking for source RTL...
Check completed for source RTL.
Running Unified Mux Engine Tricks...
Completed Unified Mux Engine Tricks

Stage: post_elab
--------------------------------------------------------
| Trick             | Accepts | Rejects | Runtime (ms) | 
--------------------------------------------------------
| ume_constant_bmux |       0 |       0 |         0.00 | 
--------------------------------------------------------
Starting clip mux common data inputs [v1.0] (stage: post_elab, startdef: ECC_Cache_System, recur: true)
Completed clip mux common data inputs (accepts: 0, rejects: 0, runtime: 0.000s)
Starting clip the non-user hierarchies [v2.0] (stage: post_elab, startdef: ECC_Cache_System, recur: true)
Completed clip the non-user hierarchies (accepts: 0, rejects: 0, runtime: 0.001s)

Stage: post_elab
---------------------------------------------------------
| Transform          | Accepts | Rejects | Runtime (ms) | 
---------------------------------------------------------
| hlo_clip_mux_input |       0 |       0 |         0.00 | 
| hlo_clip           |       0 |       0 |         1.00 | 
---------------------------------------------------------
UM:   flow.cputime  flow.realtime  timing.setup.tns  timing.setup.wns  snapshot
UM:*                                                                   elaborate
@file(run.tcl) 6: read_sdc ./constraints_new.sdc
Statistics for commands executed by read_sdc:
 "all_inputs"               - successful      1 , failed      0 (runtime  0.00)
 "all_outputs"              - successful      2 , failed      0 (runtime  0.00)
 "create_clock"             - successful      1 , failed      0 (runtime  0.01)
 "get_clocks"               - successful      1 , failed      0 (runtime  0.00)
 "get_ports"                - successful      3 , failed      0 (runtime  0.01)
 "remove_from_collection"   - successful      1 , failed      0 (runtime  0.00)
 "set_clock_uncertainty"    - successful      1 , failed      0 (runtime  0.00)
 "set_false_path"           - successful      1 , failed      0 (runtime  0.00)
 "set_input_delay"          - successful      1 , failed      0 (runtime  0.01)
 "set_load"                 - successful      1 , failed      0 (runtime  0.01)
 "set_output_delay"         - successful      1 , failed      0 (runtime  0.00)
read_sdc completed in 00:00:01 (hh:mm:ss)
@file(run.tcl) 8: syn_generic

Stage: pre_early_cg
------------------------------------------------
| Transform | Accepts | Rejects | Runtime (ms) | 
------------------------------------------------
------------------------------------------------
##Generic Timing Info for library domain: _default_ typical gate delay: 127.9 ps std_slew: 19.0 ps std_load: 2.2 fF
Starting mux data reorder optimization [v1.0] (stage: pre_to_gen_setup, startdef: ECC_Cache_System, recur: true)
Info    : Deleting instances not driving any primary outputs. [GLO-34]
        : Deleting 4 hierarchical instances.
        : Optimizations such as constant propagation or redundancy removal could change the connections so a hierarchical instance does not drive any primary outputs anymore. To see the list of deleted hierarchical instances, set the 'information_level' attribute to 2 or above. If the message is truncated set the message attribute 'truncate' to false to see the complete list. To prevent this optimization, set the 'delete_unloaded_insts' root/subdesign attribute to 'false' or 'preserve' instance attribute to 'true'.
Info    : Deleting instances not driving any primary outputs. [GLO-34]
        : Deleting 4 hierarchical instances.
Info    : Deleting instances not driving any primary outputs. [GLO-34]
        : Deleting 4 hierarchical instances.
Info    : Deleting instances not driving any primary outputs. [GLO-34]
        : Deleting 4 hierarchical instances.
Info    : Deleting instances not driving any primary outputs. [GLO-34]
        : Deleting 4 hierarchical instances.
Info    : Deleting instances not driving any primary outputs. [GLO-34]
        : Deleting 4 hierarchical instances.
Info    : Deleting instances not driving any primary outputs. [GLO-34]
        : Deleting 4 hierarchical instances.
Info    : Deleting instances not driving any primary outputs. [GLO-34]
        : Deleting 4 hierarchical instances.
Info    : Deleting instances not driving any primary outputs. [GLO-34]
        : Deleting 4 hierarchical instances.
Info    : Deleting instances not driving any primary outputs. [GLO-34]
        : Deleting 4 hierarchical instances.
Info    : Deleting instances not driving any primary outputs. [GLO-34]
        : Deleting 4 hierarchical instances.
Info    : Deleting instances not driving any primary outputs. [GLO-34]
        : Deleting 4 hierarchical instances.
Info    : Deleting instances not driving any primary outputs. [GLO-34]
        : Deleting 4 hierarchical instances.
Info    : Deleting instances not driving any primary outputs. [GLO-34]
        : Deleting 4 hierarchical instances.
Info    : Deleting instances not driving any primary outputs. [GLO-34]
        : Deleting 4 hierarchical instances.
Info    : Deleting instances not driving any primary outputs. [GLO-34]
        : Deleting 38 hierarchical instances.
Completed mux data reorder optimization (accepts: 15, rejects: 0, runtime: 0.193s)

Stage: pre_to_gen_setup
------------------------------------------------------
| Transform       | Accepts | Rejects | Runtime (ms) | 
------------------------------------------------------
| hlo_mux_reorder |      15 |       0 |       193.00 | 
------------------------------------------------------
Info    : Deleting instances not driving any primary outputs. [GLO-34]
        : Deleting 9 hierarchical instances.
Current PLE settings:

Aspect ratio        : 1.000
Shrink factor       : 1.000
Scale of res/length : 1.000
Scale of cap/length : 1.000
Net derating factor : 1.000
Thermal factor      : 1.000
Via Resistance      : 4.416 ohm (from lef_library)
Site size           : 1.910 um (from lef [tech+cell])

                                   Capacitance  
  Layer                             / Length         Data source:
Name        Direction Utilization  (pF/micron)       lef_library
------------------------------------------------
Metal1          H         0.00        0.000412  
Metal2          V         1.00        0.000414  
Metal3          H         1.00        0.000414  
Metal4          V         1.00        0.000414  
Metal5          H         1.00        0.000414  
Metal6          V         1.00        0.000414  
Metal7          H         1.00        0.000414  
Metal8          V         1.00        0.000414  
Metal9          H         1.00        0.000414  

                                    Resistance   
  Layer                              / Length         Data source:
Name        Direction Utilization  (ohm/micron)       lef_library
-------------------------------------------------
Metal1          H         0.00         3.000000  
Metal2          V         1.00         2.428571  
Metal3          H         1.00         2.428571  
Metal4          V         1.00         2.428571  
Metal5          H         1.00         2.428571  
Metal6          V         1.00         2.428571  
Metal7          H         1.00         2.428571  
Metal8          V         1.00         2.428571  
Metal9          H         1.00         0.285714  

                                        Area     
  Layer                               / Length        Data source:
Name        Direction Utilization     (micron)        lef_library
-------------------------------------------------
Metal1          H         0.00         0.060000  
Metal2          V         1.00         0.070000  
Metal3          H         1.00         0.070000  
Metal4          V         1.00         0.070000  
Metal5          H         1.00         0.070000  
Metal6          V         1.00         0.070000  
Metal7          H         1.00         0.070000  
Metal8          V         1.00         0.070000  
Metal9          H         1.00         0.070000  

Info    : Synthesizing. [SYNTH-1]
        : Synthesizing 'ECC_Cache_System' to generic gates using 'medium' effort.
PBS_Generic-Start - Elapsed_Time 0, CPU_Time 0.0
stamp 'PBS_Generic-Start' being created for table 'pbs_debug'

  Total Time (Wall) |  Stage Time (Wall)  |   % (Wall)   |    Date - Time     |  Memory   | Stage
--------------------+---------------------+--------------+--------------------+-----------+----------------------
 00:00:10(00:00:14) |  00:00:00(00:00:00) |   0.0(  0.0) |   16:29:20 (May14) |  455.7 MB | PBS_Generic-Start
--------------------+---------------------+--------------+--------------------+-----------+----------------------
Number of threads: 8 * 1   (id: pbs_debug, time_info v1.57)
Info: (*N*) indicates data that was populated from previously saved time_info database
Info: CPU time includes time of parent + longest thread
TNS Restructuring config: no_value at stage: generic applied.
Info    : Partition Based Synthesis execution skipped. [PHYS-752]
        : Design size is less than the partition size '100000' for distributed generic optimization to kick in.
Starting mux data reorder optimization [v1.0] (stage: pre_to_gen_setup, startdef: ECC_Cache_System, recur: true)
Completed mux data reorder optimization (accepts: 0, rejects: 0, runtime: 0.149s)

Stage: pre_to_gen_setup
------------------------------------------------------
| Transform       | Accepts | Rejects | Runtime (ms) | 
------------------------------------------------------
| hlo_mux_reorder |       0 |       0 |       149.00 | 
------------------------------------------------------
Starting mux data reorder optimization [v1.0] (stage: post_to_gen_setup, startdef: ECC_Cache_System, recur: true)
Completed mux data reorder optimization (accepts: 0, rejects: 0, runtime: 0.149s)

Stage: post_to_gen_setup
------------------------------------------------------
| Transform       | Accepts | Rejects | Runtime (ms) | 
------------------------------------------------------
| hlo_mux_reorder |       0 |       0 |       149.00 | 
------------------------------------------------------
Current PLE settings:

Aspect ratio        : 1.000
Shrink factor       : 1.000
Scale of res/length : 1.000
Scale of cap/length : 1.000
Net derating factor : 1.000
Thermal factor      : 1.000
Via Resistance      : 4.416 ohm (from lef_library)
Site size           : 1.910 um (from lef [tech+cell])

                                   Capacitance  
  Layer                             / Length         Data source:
Name        Direction Utilization  (pF/micron)       lef_library
------------------------------------------------
Metal1          H         0.00        0.000412  
Metal2          V         1.00        0.000414  
Metal3          H         1.00        0.000414  
Metal4          V         1.00        0.000414  
Metal5          H         1.00        0.000414  
Metal6          V         1.00        0.000414  
Metal7          H         1.00        0.000414  
Metal8          V         1.00        0.000414  
Metal9          H         1.00        0.000414  

                                    Resistance   
  Layer                              / Length         Data source:
Name        Direction Utilization  (ohm/micron)       lef_library
-------------------------------------------------
Metal1          H         0.00         3.000000  
Metal2          V         1.00         2.428571  
Metal3          H         1.00         2.428571  
Metal4          V         1.00         2.428571  
Metal5          H         1.00         2.428571  
Metal6          V         1.00         2.428571  
Metal7          H         1.00         2.428571  
Metal8          V         1.00         2.428571  
Metal9          H         1.00         0.285714  

                                        Area     
  Layer                               / Length        Data source:
Name        Direction Utilization     (micron)        lef_library
-------------------------------------------------
Metal1          H         0.00         0.060000  
Metal2          V         1.00         0.070000  
Metal3          H         1.00         0.070000  
Metal4          V         1.00         0.070000  
Metal5          H         1.00         0.070000  
Metal6          V         1.00         0.070000  
Metal7          H         1.00         0.070000  
Metal8          V         1.00         0.070000  
Metal9          H         1.00         0.070000  

Running Unified Mux Engine Tricks...
Completed Unified Mux Engine Tricks

Stage: pre_hlo_rtlopt
--------------------------------------------
| Trick | Accepts | Rejects | Runtime (ms) | 
--------------------------------------------
--------------------------------------------
Starting infer macro optimization [v1.0] (stage: pre_rtlopt, startdef: ECC_Cache_System, recur: true)
Completed infer macro optimization (accepts: 0, rejects: 90, runtime: 0.005s)
Starting decode mux sandwich optimization [v2.0] (stage: pre_rtlopt, startdef: ECC_Cache_System, recur: true)
Completed decode mux sandwich optimization (accepts: 0, rejects: 0, runtime: 0.001s)
Starting decode mux optimization [v1.0] (stage: pre_rtlopt, startdef: ECC_Cache_System, recur: true)
Completed decode mux optimization (accepts: 0, rejects: 0, runtime: 0.000s)
Starting chop wide muxes [v1.0] (stage: pre_rtlopt, startdef: ECC_Cache_System, recur: true)
Completed chop wide muxes (accepts: 0, rejects: 0, runtime: 0.000s)
Starting common data mux cascade opt [v1.0] (stage: pre_rtlopt, startdef: ECC_Cache_System, recur: true)
Completed common data mux cascade opt (accepts: 0, rejects: 0, runtime: 0.000s)
Starting mux input consolidation [v1.0] (stage: pre_rtlopt, startdef: ECC_Cache_System, recur: true)
Completed mux input consolidation (accepts: 0, rejects: 0, runtime: 0.001s)
Starting constant-data mux optimization [v1.0] (stage: pre_rtlopt, startdef: ECC_Cache_System, recur: true)
Completed constant-data mux optimization (accepts: 0, rejects: 0, runtime: 0.001s)
Starting chain-to-tree inequality transform [v2.0] (stage: pre_rtlopt, startdef: ECC_Cache_System, recur: true)
Completed chain-to-tree inequality transform (accepts: 0, rejects: 0, runtime: 0.009s)
Starting reconvergence optimization [v1.0] (stage: pre_rtlopt, startdef: ECC_Cache_System, recur: true)
Completed reconvergence optimization (accepts: 1, rejects: 0, runtime: 3.319s)
Starting logic restructure optimization [v1.0] (stage: pre_rtlopt, startdef: ECC_Cache_System, recur: true)
Completed logic restructure optimization (accepts: 0, rejects: 0, runtime: 0.001s)
Starting common select mux optimization [v1.0] (stage: pre_rtlopt, startdef: ECC_Cache_System, recur: true)
Completed common select mux optimization (accepts: 0, rejects: 2, runtime: 0.003s)
Starting identity transform [v3.0] (stage: pre_rtlopt, startdef: ECC_Cache_System, recur: true)
Completed identity transform (accepts: 0, rejects: 0, runtime: 0.001s)
Starting reduce operator chain [v1.0] (stage: pre_rtlopt, startdef: ECC_Cache_System, recur: true)
Completed reduce operator chain (accepts: 0, rejects: 0, runtime: 0.000s)
Starting common data mux cascade opt [v1.0] (stage: pre_rtlopt, startdef: ECC_Cache_System, recur: true)
Completed common data mux cascade opt (accepts: 0, rejects: 0, runtime: 0.001s)
Starting mux input consolidation [v1.0] (stage: pre_rtlopt, startdef: ECC_Cache_System, recur: true)
Completed mux input consolidation (accepts: 0, rejects: 0, runtime: 0.000s)
Starting optimize datapath elements [v1.0] (stage: pre_rtlopt, startdef: ECC_Cache_System, recur: true)
Completed optimize datapath elements (accepts: 0, rejects: 0, runtime: 0.000s)
Starting datapath recasting [v1.0] (stage: pre_rtlopt, startdef: ECC_Cache_System, recur: true)
Completed datapath recasting (accepts: 0, rejects: 0, runtime: 0.000s)
Starting clip mux common data inputs [v1.0] (stage: pre_rtlopt, startdef: ECC_Cache_System, recur: true)
Completed clip mux common data inputs (accepts: 0, rejects: 0, runtime: 0.001s)
Starting clip the non-user hierarchies [v2.0] (stage: pre_rtlopt, startdef: ECC_Cache_System, recur: true)
Completed clip the non-user hierarchies (accepts: 0, rejects: 0, runtime: 0.000s)

Stage: pre_rtlopt
----------------------------------------------------------------
| Transform                 | Accepts | Rejects | Runtime (ms) | 
----------------------------------------------------------------
| hlo_infer_macro           |       0 |      90 |         5.00 | 
| hlo_decode_mux_sandwich   |       0 |       0 |         1.00 | 
| hlo_mux_decode            |       0 |       0 |         0.00 | 
| hlo_chop_mux              |       0 |       0 |         0.00 | 
| hlo_mux_cascade_opt       |       0 |       0 |         0.00 | 
| hlo_mux_consolidation     |       0 |       0 |         1.00 | 
| hlo_constant_mux_opt      |       0 |       0 |         1.00 | 
| hlo_inequality_transform  |       0 |       0 |         9.00 | 
| hlo_reconv_opt            |       1 |       0 |      3319.00 | 
| hlo_restructure           |       0 |       0 |         1.00 | 
| hlo_common_select_muxopto |       0 |       2 |         3.00 | 
| hlo_identity_transform    |       0 |       0 |         1.00 | 
| hlo_reduce_operator_chain |       0 |       0 |         0.00 | 
| hlo_mux_cascade_opt       |       0 |       0 |         1.00 | 
| hlo_mux_consolidation     |       0 |       0 |         0.00 | 
| hlo_optimize_datapath     |       0 |       0 |         0.00 | 
| hlo_datapath_recast       |       0 |       0 |         0.00 | 
| hlo_clip_mux_input        |       0 |       0 |         1.00 | 
| hlo_clip                  |       0 |       0 |         0.00 | 
----------------------------------------------------------------
Running Unified Mux Engine Tricks...
Completed Unified Mux Engine Tricks

Stage: post_hlo_rtlopt
--------------------------------------------------
| Trick       | Accepts | Rejects | Runtime (ms) | 
--------------------------------------------------
| ume_runtime |       0 |       0 |         0.00 | 
--------------------------------------------------
Number of big hc bmuxes before = 0
Number of non-ctl's : 2
mux_corrected_codeword_440_31 mux_matched_440_31 
SOP DEBUG : Module= BCH23_16_Decoder_4burst, Cluster= ctl_440_31, ctl= 2, Non-ctl= 2
Selected impl_type 4 (factored_form (optimized)) for sop cluster ctl_440_31.
Number of non-ctl's : 23
mux_syndrome_436_22 mux_syndrome_436_493 mux_syndrome_436_495 mux_syndrome_436_497 mux_syndrome_436_499 mux_syndrome_436_501 mux_syndrome_436_503 mux_syndrome_436_505 mux_syndrome_436_507 mux_syndrome_436_509 mux_syndrome_436_511 mux_syndrome_436_513 mux_syndrome_436_515 mux_syndrome_436_517 mux_syndrome_436_519 mux_syndrome_436_521 mux_syndrome_436_523 mux_syndrome_436_525 mux_syndrome_436_527 mux_syndrome_436_529 mux_syndrome_436_531 mux_syndrome_436_533 mux_syndrome_436_535 
SOP DEBUG : Module= BCH23_16_Decoder_4burst, Cluster= ctl_codeword_received_436_22, ctl= 23, Non-ctl= 23
Selected impl_type 0 (ctl + 1-hot mux form) for sop cluster ctl_codeword_received_436_22.
Info    : Deleting instances not driving any primary outputs. [GLO-34]
        : Deleting 9 hierarchical instances.
Info    : Pre-processed datapath logic. [DPOPT-6]
        : Pre-processing optimizations applied to datapath logic in 'ECC_Cache_System':
          live_trim(34) sop(2) 
Info    : Deleting instances not driving any primary outputs. [GLO-34]
        : Deleting 1 hierarchical instance.
Info    : Optimizing datapath logic. [DPOPT-1]
        : Optimizing datapath logic in 'ECC_Cache_System'.
Info    : Implementing datapath configurations. [DPOPT-3]
        : Implementing datapath configurations for 'CDN_DP_region_2_0'
CSAGen Prep Share:0 Re-Write:0 Speculation: 0
MaxCSA: Successfully built Maximal CSA Expression Expr0
CDN_DP_region_2_0 level = 0 loads = 0 drivers = 0
CDN_DP_region_2_0_c0 in Cache_2Way: area: 5636900467 ,dp = 10 mux = 62 sg = slow         worst_clk_period: -1.0000 
    wns: 0  norm_wns:  -1.0000 
    fail_endp: -1 
    tns:  0  tns_per_endp:  -1.0000   norm_tns_per_endp:  -1.0000 
    tns_sense_max:  -1.0000  tns_sense_avg:  -1.0000   tns_sense_num: -1
 skipped
CDN_DP_region_2_0_c1 in Cache_2Way: area: 4879782281 ,dp = 2 mux = 46 sg = fast         worst_clk_period: -1.0000 
    wns: 0  norm_wns:  -1.0000 
    fail_endp: -1 
    tns:  0  tns_per_endp:  -1.0000   norm_tns_per_endp:  -1.0000 
    tns_sense_max:  -1.0000  tns_sense_avg:  -1.0000   tns_sense_num: -1
 is current best
CDN_DP_region_2_0_c2 in Cache_2Way: area: 4879782281 ,dp = 2 mux = 46 sg = very_slow    worst_clk_period: -1.0000 
    wns: 0  norm_wns:  -1.0000 
    fail_endp: -1 
    tns:  0  tns_per_endp:  -1.0000   norm_tns_per_endp:  -1.0000 
    tns_sense_max:  -1.0000  tns_sense_avg:  -1.0000   tns_sense_num: -1
 is current best
CDN_DP_region_2_0_c3 in Cache_2Way: area: 4879782281 ,dp = 2 mux = 46 sg = very_fast    worst_clk_period: -1.0000 
    wns: 0  norm_wns:  -1.0000 
    fail_endp: -1 
    tns:  0  tns_per_endp:  -1.0000   norm_tns_per_endp:  -1.0000 
    tns_sense_max:  -1.0000  tns_sense_avg:  -1.0000   tns_sense_num: -1
 is current best
CDN_DP_region_2_0_c4 in Cache_2Way: area: 4879782281 ,dp = 2 mux = 46 sg = very_fast    worst_clk_period: -1.0000 
    wns: 0  norm_wns:  -1.0000 
    fail_endp: -1 
    tns:  0  tns_per_endp:  -1.0000   norm_tns_per_endp:  -1.0000 
    tns_sense_max:  -1.0000  tns_sense_avg:  -1.0000   tns_sense_num: -1
 is current best
CDN_DP_region_2_0_c5 in Cache_2Way: area: 4879782281 ,dp = 2 mux = 46 sg = very_fast    worst_clk_period: -1.0000 
    wns: 0  norm_wns:  -1.0000 
    fail_endp: -1 
    tns:  0  tns_per_endp:  -1.0000   norm_tns_per_endp:  -1.0000 
    tns_sense_max:  -1.0000  tns_sense_avg:  -1.0000   tns_sense_num: -1
 is current best
CDN_DP_region_2_0_c6 in Cache_2Way: area: 4879782281 ,dp = 2 mux = 46 sg = very_fast    worst_clk_period: -1.0000 
    wns: 0  norm_wns:  -1.0000 
    fail_endp: -1 
    tns:  0  tns_per_endp:  -1.0000   norm_tns_per_endp:  -1.0000 
    tns_sense_max:  -1.0000  tns_sense_avg:  -1.0000   tns_sense_num: -1
 is current best
CDN_DP_region_2_0_c7 in Cache_2Way: area: 4879782281 ,dp = 2 mux = 46 sg = very_fast    worst_clk_period: -1.0000 
    wns: 0  norm_wns:  -1.0000 
    fail_endp: -1 
    tns:  0  tns_per_endp:  -1.0000   norm_tns_per_endp:  -1.0000 
    tns_sense_max:  -1.0000  tns_sense_avg:  -1.0000   tns_sense_num: -1
 is current best
Best config: CDN_DP_region_2_0_c7 in Cache_2Way: area: 4879782281 ,dp = 2 mux = 46 sg = very_fast    worst_clk_period: -1.0000 
    wns: 0  norm_wns:  -1.0000 
    fail_endp: -1 
    tns:  0  tns_per_endp:  -1.0000   norm_tns_per_endp:  -1.0000 
    tns_sense_max:  -1.0000  tns_sense_avg:  -1.0000   tns_sense_num: -1
  Smallest config area : 4879782281.  Fastest config wns;  0
##>+----------------------------------------------------------------------------------------------------------------------------------------------------------------+
##>Summary table of configs (Best config is CDN_DP_region_2_0_c7)
##>+----------------------------------------------------------------------------------------------------------------------------------------------------------------+
##>                     0                  1                  2                  3                  4                  5                  6                  7            
##>+----------------------------------------------------------------------------------------------------------------------------------------------------------------+
##>           Area       5636900467         4879782281         4879782281         4879782281         4879782281         4879782281         4879782281         4879782281  
##>            WNS         +6179.10           +6161.90           +6161.90           +6161.90           +6161.90           +6161.90           +6161.90           +6161.90  
##>            TNS                0                  0                  0                  0                  0                  0                  0                  0  
##>    Num Rewrite                0                  0                  0                  0                  0                  0                  0                  0  
##>     Num Factor                0                  0                  0                  0                  0                  0                  0                  0  
##>      Num Share                0                  0                  0                  0                  0                  0                  0                  0  
##>   Num CmultCse                0                  0                  0                  0                  0                  0                  0                  0  
##>   Num Downsize                0                  0                  0                  0                  0                  0                  0                  0  
##>  Num Speculate                0                  0                  0                  0                  0                  0                  0                  0  
##>     Runtime(s)                0                  0                  0                  0                  0                  0                  0                  0  
+----------------------------------------------------------------------------------------------------------------------------------------------------------------+
##>
##>
##>+------------------------------------------------------------------------------------------------------------------------------------------------------------+
##>Optimization Step DEBUG Table for config CDN_DP_region_2_0_c7
##>
##>                          Step                        Area   ( % Chg)        WNS (Change)        TNS (Change)          Runtime (s)        Comment                   
##>+------------------------------------------------------------------------------------------------------------------------------------------------------------+
##>EquationExtraction              START             5636900467 (      )     6179.10 (        )             0 (        )              
##> rewrite                        START             5673200654 ( +0.64)     5998.00 ( -181.10)             0 (       0)              (a,ar) Expr0_from --> Expr0_to
##>                                  END             5787286956 ( +2.01)     5998.00 (   +0.00)             0 (       0)           0  
##>                                  END             5636900467 ( +0.00)     6179.10 (   +0.00)             0 (       0)           0  
##>createMaxCarrySave              START             5636900467 ( +0.00)     6179.10 (   +0.00)             0 (       0)              
##> datapath_rewrite_one_def       START             5636900467 ( +0.00)     6179.10 (   +0.00)             0 (       0)              
##>                                  END             5636900467 ( +0.00)     6179.10 (   +0.00)             0 (       0)           0  
##> speculate_in_gdef              START             5636900467 ( +0.00)     6179.10 (   +0.00)             0 (       0)              
##>  pre_speculate_mux_merge       START             5636900467 ( +0.00)     6179.10 (   +0.00)             0 (       0)              
##>                                  END             5636900467 ( +0.00)     6179.10 (   +0.00)             0 (       0)           0  
##>                                  END             5636900467 ( +0.00)     6179.10 (   +0.00)             0 (       0)           0  
##> csa_opto                       START             5636900467 ( +0.00)     6179.10 (   +0.00)             0 (       0)              
##>                                  END             5652457690 ( +0.28)     6179.10 (   +0.00)             0 (       0)           0  
##>                                  END             5652457690 ( +0.28)     6179.10 (   +0.00)             0 (       0)           0  
##>canonicalize_by_names           START             5652457690 ( +0.00)     6179.10 (   +0.00)             0 (       0)              
##>                                  END             5652457690 ( +0.00)     6179.10 (   +0.00)             0 (       0)           0  
##>datapath_rewrite_post_csa_one_  START             5652457690 ( +0.00)     6179.10 (   +0.00)             0 (       0)              
##>                                  END             5652457690 ( +0.00)     6179.10 (   +0.00)             0 (       0)           0  
##>datapath_csa_factoring_one_gde  START             5652457690 ( +0.00)     6179.10 (   +0.00)             0 (       0)              
##>                                  END             5652457690 ( +0.00)     6179.10 (   +0.00)             0 (       0)           0  
##>dpopt_share_one_def             START             5652457690 ( +0.00)     6179.10 (   +0.00)             0 (       0)              
##>                                  END             5652457690 ( +0.00)     6179.10 (   +0.00)             0 (       0)           0  
##>datapath_rewrite_post_share     START             5652457690 ( +0.00)     6179.10 (   +0.00)             0 (       0)              
##>                                  END             5652457690 ( +0.00)     6179.10 (   +0.00)             0 (       0)           0  
##>dp_combine_const_mult_with_com  START             5652457690 ( +0.00)     6179.10 (   +0.00)             0 (       0)              
##>                                  END             5652457690 ( +0.00)     6179.10 (   +0.00)             0 (       0)           0  
##>speculate_in_gdef               START             5652457690 ( +0.00)     6179.10 (   +0.00)             0 (       0)              
##> pre_speculate_mux_merge        START             5652457690 ( +0.00)     6179.10 (   +0.00)             0 (       0)              
##>                                  END             5652457690 ( +0.00)     6179.10 (   +0.00)             0 (       0)           0  
##>                                  END             5652457690 ( +0.00)     6179.10 (   +0.00)             0 (       0)           0  
##>dp_operator_level_decompositio  START             5652457690 ( +0.00)     6179.10 (   +0.00)             0 (       0)              
##>                                  END             5652457690 ( +0.00)     6179.10 (   +0.00)             0 (       0)           0  
##>selective_flatten_dp_config     START             5652457690 ( +0.00)     6179.10 (   +0.00)             0 (       0)              
##>                                  END             5652457690 ( +0.00)     6179.10 (   +0.00)             0 (       0)           0  
##>createMaxCarrySave              START             5652457690 ( +0.00)     6179.10 (   +0.00)             0 (       0)              
##> datapath_rewrite_one_def       START             5652457690 ( +0.00)     6179.10 (   +0.00)             0 (       0)              
##>  fast_cse_elim                 START             5652457690 ( +0.00)     6179.10 (   +0.00)             0 (       0)              
##>                                  END             4905710986 (-13.21)     6161.90 (  -17.20)             0 (       0)           0  
##>  fast_cse_elim                 START             4905710986 ( +0.00)     6161.90 (   +0.00)             0 (       0)              
##>                                  END             4905710986 ( +0.00)     6161.90 (   +0.00)             0 (       0)           0  
##>                                  END             4905710986 (-13.21)     6161.90 (  -17.20)             0 (       0)           0  
##> speculate_in_gdef              START             4905710986 ( +0.00)     6161.90 (   +0.00)             0 (       0)              
##>  pre_speculate_mux_merge       START             4905710986 ( +0.00)     6161.90 (   +0.00)             0 (       0)              
##>                                  END             4905710986 ( +0.00)     6161.90 (   +0.00)             0 (       0)           0  
##>                                  END             4905710986 ( +0.00)     6161.90 (   +0.00)             0 (       0)           0  
##> csa_opto                       START             4905710986 ( +0.00)     6161.90 (   +0.00)             0 (       0)              
##>                                  END             4905710986 ( +0.00)     6161.90 (   +0.00)             0 (       0)           0  
##>                                  END             4905710986 (-13.21)     6161.90 (  -17.20)             0 (       0)           0  
##>context_based_simplify          START             4884968022 ( -0.42)     6161.90 (   +0.00)             0 (       0)              
##>                                  END             4879782281 ( -0.11)     6161.90 (   +0.00)             0 (       0)           0  
##>group_csa_final_adder_dp        START             4879782281 ( +0.00)     6161.90 (   +0.00)             0 (       0)              
##>                                  END             4879782281 ( +0.00)     6161.90 (   +0.00)             0 (       0)           0  
##>dpopt_flatten_critical_muxes_i  START             4879782281 ( +0.00)     6161.90 (   +0.00)             0 (       0)              
##>                                  END             4879782281 ( +0.00)     6161.90 (   +0.00)             0 (       0)           0  
##>speculate_in_gdef               START             4879782281 ( +0.00)     6161.90 (   +0.00)             0 (       0)              
##> pre_speculate_mux_merge        START             4879782281 ( +0.00)     6161.90 (   +0.00)             0 (       0)              
##>                                  END             4879782281 ( +0.00)     6161.90 (   +0.00)             0 (       0)           0  
##>                                  END             4879782281 ( +0.00)     6161.90 (   +0.00)             0 (       0)           0  
##>create_score                    START             4879782281 ( +0.00)     6161.90 (   +0.00)             0 (       0)              
##>                                  END             4879782281 ( +0.00)     6161.90 (   +0.00)             0 (       0)           0  
##>+------------------------------------------------------------------------------------------------------------------------------------------------------------+
Committed config: CDN_DP_region_2_0_c7
Info    : Done implementing datapath configurations. [DPOPT-4]
        : Selected 'very_fast' configuration 7 for module 'CDN_DP_region_2_0'.
          Optimizations applied to 'very_fast' configuration:
            rewriting(0), factoring(0), sharing(0), cmultcse(0), downsizing(0), speculation(0)
Info    : Implementing datapath configurations. [DPOPT-3]
        : Implementing datapath configurations for 'CDN_DP_region_0_0'
CSAGen Prep Share:0 Re-Write:1 Speculation: 0
MaxCSA: Successfully built Maximal CSA Expression Expr1
CDN_DP_region_0_0 level = 0 loads = 0 drivers = 0
CDN_DP_region_0_0_c0 in BCH23_16_Decoder_4burst: area: 4999054324 ,dp = 1 mux = 73 sg = slow         worst_clk_period: -1.0000 
    wns: 0  norm_wns:  -1.0000 
    fail_endp: -1 
    tns:  0  tns_per_endp:  -1.0000   norm_tns_per_endp:  -1.0000 
    tns_sense_max:  -1.0000  tns_sense_avg:  -1.0000   tns_sense_num: -1
 skipped
CDN_DP_region_0_0_c1 in BCH23_16_Decoder_4burst: area: 4999054324 ,dp = 1 mux = 73 sg = fast         worst_clk_period: -1.0000 
    wns: 0  norm_wns:  -1.0000 
    fail_endp: -1 
    tns:  0  tns_per_endp:  -1.0000   norm_tns_per_endp:  -1.0000 
    tns_sense_max:  -1.0000  tns_sense_avg:  -1.0000   tns_sense_num: -1
 is current best
CDN_DP_region_0_0_c2 in BCH23_16_Decoder_4burst: area: 4999054324 ,dp = 1 mux = 73 sg = very_slow    worst_clk_period: -1.0000 
    wns: 0  norm_wns:  -1.0000 
    fail_endp: -1 
    tns:  0  tns_per_endp:  -1.0000   norm_tns_per_endp:  -1.0000 
    tns_sense_max:  -1.0000  tns_sense_avg:  -1.0000   tns_sense_num: -1
 is current best
CDN_DP_region_0_0_c3 in BCH23_16_Decoder_4burst: area: 4999054324 ,dp = 1 mux = 73 sg = very_fast    worst_clk_period: -1.0000 
    wns: 0  norm_wns:  -1.0000 
    fail_endp: -1 
    tns:  0  tns_per_endp:  -1.0000   norm_tns_per_endp:  -1.0000 
    tns_sense_max:  -1.0000  tns_sense_avg:  -1.0000   tns_sense_num: -1
 is current best
CDN_DP_region_0_0_c4 in BCH23_16_Decoder_4burst: area: 4999054324 ,dp = 1 mux = 73 sg = very_fast    worst_clk_period: -1.0000 
    wns: 0  norm_wns:  -1.0000 
    fail_endp: -1 
    tns:  0  tns_per_endp:  -1.0000   norm_tns_per_endp:  -1.0000 
    tns_sense_max:  -1.0000  tns_sense_avg:  -1.0000   tns_sense_num: -1
 is current best
CDN_DP_region_0_0_c5 in BCH23_16_Decoder_4burst: area: 4999054324 ,dp = 1 mux = 73 sg = very_fast    worst_clk_period: -1.0000 
    wns: 0  norm_wns:  -1.0000 
    fail_endp: -1 
    tns:  0  tns_per_endp:  -1.0000   norm_tns_per_endp:  -1.0000 
    tns_sense_max:  -1.0000  tns_sense_avg:  -1.0000   tns_sense_num: -1
 is current best
CDN_DP_region_0_0_c6 in BCH23_16_Decoder_4burst: area: 4999054324 ,dp = 1 mux = 73 sg = very_fast    worst_clk_period: -1.0000 
    wns: 0  norm_wns:  -1.0000 
    fail_endp: -1 
    tns:  0  tns_per_endp:  -1.0000   norm_tns_per_endp:  -1.0000 
    tns_sense_max:  -1.0000  tns_sense_avg:  -1.0000   tns_sense_num: -1
 is current best
CDN_DP_region_0_0_c7 in BCH23_16_Decoder_4burst: area: 4573823562 ,dp = 1 mux = 65 sg = very_fast    worst_clk_period: -1.0000 
    wns: 0  norm_wns:  -1.0000 
    fail_endp: -1 
    tns:  0  tns_per_endp:  -1.0000   norm_tns_per_endp:  -1.0000 
    tns_sense_max:  -1.0000  tns_sense_avg:  -1.0000   tns_sense_num: -1
 is current best
Best config: CDN_DP_region_0_0_c7 in BCH23_16_Decoder_4burst: area: 4573823562 ,dp = 1 mux = 65 sg = very_fast    worst_clk_period: -1.0000 
    wns: 0  norm_wns:  -1.0000 
    fail_endp: -1 
    tns:  0  tns_per_endp:  -1.0000   norm_tns_per_endp:  -1.0000 
    tns_sense_max:  -1.0000  tns_sense_avg:  -1.0000   tns_sense_num: -1
  Smallest config area : 4573823562.  Fastest config wns;  0
##>+----------------------------------------------------------------------------------------------------------------------------------------------------------------+
##>Summary table of configs (Best config is CDN_DP_region_0_0_c7)
##>+----------------------------------------------------------------------------------------------------------------------------------------------------------------+
##>                     0                  1                  2                  3                  4                  5                  6                  7            
##>+----------------------------------------------------------------------------------------------------------------------------------------------------------------+
##>           Area       4999054324         4999054324         4999054324         4999054324         4999054324         4999054324         4999054324         4573823562  
##>            WNS         +4858.10           +4858.10           +4858.10           +4858.10           +4858.10           +4858.10           +4858.10           +4849.10  
##>            TNS                0                  0                  0                  0                  0                  0                  0                  0  
##>    Num Rewrite                0                  0                  0                  0                  0                  0                  0                  1  
##>     Num Factor                0                  0                  0                  0                  0                  0                  0                  0  
##>      Num Share                0                  0                  0                  0                  0                  0                  0                  0  
##>   Num CmultCse                0                  0                  0                  0                  0                  0                  0                  0  
##>   Num Downsize                0                  0                  0                  0                  0                  0                  0                  0  
##>  Num Speculate                0                  0                  0                  0                  0                  0                  0                  0  
##>     Runtime(s)                0                  0                  0                  0                  0                  0                  0                  0  
+----------------------------------------------------------------------------------------------------------------------------------------------------------------+
##>
##>
##>+------------------------------------------------------------------------------------------------------------------------------------------------------------+
##>Optimization Step DEBUG Table for config CDN_DP_region_0_0_c7
##>
##>                          Step                        Area   ( % Chg)        WNS (Change)        TNS (Change)          Runtime (s)        Comment                   
##>+------------------------------------------------------------------------------------------------------------------------------------------------------------+
##>EquationExtraction              START             4999054324 (      )     4858.10 (        )             0 (        )              
##> rewrite                        START             4999054324 ( +0.00)     4858.10 (   +0.00)             0 (       0)              (a,ar) not_equal_from_uns --> not_equal_to_uns
##>                                  END             4947196914 ( -1.04)     4843.60 (  -14.50)             0 (       0)           0  
##> rewrite                        START             4947196914 ( +0.00)     4651.70 ( -191.90)             0 (       0)              (a,ar) Expr1_from --> Expr1_to
##>                                  END             7493395745 (+51.47)     4651.70 (   +0.00)             0 (       0)           0  
##>                                  END             4947196914 ( -1.04)     4843.60 (  -14.50)             0 (       0)           0  
##>createMaxCarrySave              START             4573823562 ( -7.55)     4849.10 (   +5.50)             0 (       0)              
##> datapath_rewrite_one_def       START             4573823562 ( +0.00)     4849.10 (   +0.00)             0 (       0)              
##>                                  END             4573823562 ( +0.00)     4849.10 (   +0.00)             0 (       0)           0  
##> csa_opto                       START             4573823562 ( +0.00)     4849.10 (   +0.00)             0 (       0)              
##>                                  END             5517628424 (+20.63)     4858.10 (   +9.00)             0 (       0)           0  
##>                                  END             5517628424 (+20.63)     4858.10 (   +9.00)             0 (       0)           0  
##>canonicalize_by_names           START             5517628424 ( +0.00)     4858.10 (   +0.00)             0 (       0)              
##>                                  END             5517628424 ( +0.00)     4858.10 (   +0.00)             0 (       0)           0  
##>datapath_rewrite_post_csa_one_  START             5517628424 ( +0.00)     4858.10 (   +0.00)             0 (       0)              
##>                                  END             5517628424 ( +0.00)     4858.10 (   +0.00)             0 (       0)           0  
##>datapath_csa_factoring_one_gde  START             5517628424 ( +0.00)     4858.10 (   +0.00)             0 (       0)              
##>                                  END             5517628424 ( +0.00)     4858.10 (   +0.00)             0 (       0)           0  
##>dpopt_share_one_def             START             5517628424 ( +0.00)     4858.10 (   +0.00)             0 (       0)              
##>                                  END             5517628424 ( +0.00)     4858.10 (   +0.00)             0 (       0)           0  
##>datapath_rewrite_post_share     START             5517628424 ( +0.00)     4858.10 (   +0.00)             0 (       0)              
##>                                  END             5517628424 ( +0.00)     4858.10 (   +0.00)             0 (       0)           0  
##>dp_combine_const_mult_with_com  START             5517628424 ( +0.00)     4858.10 (   +0.00)             0 (       0)              
##>                                  END             5517628424 ( +0.00)     4858.10 (   +0.00)             0 (       0)           0  
##>dp_operator_level_decompositio  START             5517628424 ( +0.00)     4858.10 (   +0.00)             0 (       0)              
##>                                  END             5517628424 ( +0.00)     4858.10 (   +0.00)             0 (       0)           0  
##>selective_flatten_dp_config     START             5517628424 ( +0.00)     4858.10 (   +0.00)             0 (       0)              
##>                                  END             5517628424 ( +0.00)     4858.10 (   +0.00)             0 (       0)           0  
##>createMaxCarrySave              START             5517628424 ( +0.00)     4858.10 (   +0.00)             0 (       0)              
##> datapath_rewrite_one_def       START             5517628424 ( +0.00)     4858.10 (   +0.00)             0 (       0)              
##>  fast_cse_elim                 START             5517628424 ( +0.00)     4858.10 (   +0.00)             0 (       0)              
##>                                  END             5517628424 ( +0.00)     4858.10 (   +0.00)             0 (       0)           0  
##>  fast_cse_elim                 START             5517628424 ( +0.00)     4858.10 (   +0.00)             0 (       0)              
##>                                  END             5517628424 ( +0.00)     4858.10 (   +0.00)             0 (       0)           0  
##>                                  END             5517628424 ( +0.00)     4858.10 (   +0.00)             0 (       0)           0  
##> csa_opto                       START             5517628424 ( +0.00)     4858.10 (   +0.00)             0 (       0)              
##>                                  END             5517628424 ( +0.00)     4858.10 (   +0.00)             0 (       0)           0  
##>                                  END             5517628424 ( +0.00)     4858.10 (   +0.00)             0 (       0)           0  
##>context_based_simplify          START             4573823562 (-17.11)     4849.10 (   -9.00)             0 (       0)              
##>                                  END             4573823562 ( +0.00)     4849.10 (   +0.00)             0 (       0)           0  
##>group_csa_final_adder_dp        START             4573823562 ( +0.00)     4849.10 (   +0.00)             0 (       0)              
##>                                  END             4573823562 ( +0.00)     4849.10 (   +0.00)             0 (       0)           0  
##>dpopt_flatten_critical_muxes_i  START             4573823562 ( +0.00)     4849.10 (   +0.00)             0 (       0)              
##>                                  END             4573823562 ( +0.00)     4849.10 (   +0.00)             0 (       0)           0  
##>create_score                    START             4573823562 ( +0.00)     4849.10 (   +0.00)             0 (       0)              
##>                                  END             4573823562 ( +0.00)     4849.10 (   +0.00)             0 (       0)           0  
##>+------------------------------------------------------------------------------------------------------------------------------------------------------------+
Committed config: CDN_DP_region_0_0_c7
Info    : Done implementing datapath configurations. [DPOPT-4]
        : Selected 'very_fast' configuration 7 for module 'CDN_DP_region_0_0'.
          Optimizations applied to 'very_fast' configuration:
            rewriting(1), factoring(0), sharing(0), cmultcse(0), downsizing(0), speculation(0)
Info    : Implementing datapath configurations. [DPOPT-3]
        : Implementing datapath configurations for 'CDN_DP_region_1_0'
CSAGen Prep Share:0 Re-Write:0 Speculation: 0
CDN_DP_region_1_0 level = 0 loads = 0 drivers = 0
CDN_DP_region_1_0_c0 in BCH23_16_Encoder_4burst: area: 2178011220 ,dp = 0 mux = 16 sg = slow         worst_clk_period: -1.0000 
    wns: 0  norm_wns:  -1.0000 
    fail_endp: -1 
    tns:  0  tns_per_endp:  -1.0000   norm_tns_per_endp:  -1.0000 
    tns_sense_max:  -1.0000  tns_sense_avg:  -1.0000   tns_sense_num: -1
 skipped
CDN_DP_region_1_0_c1 in BCH23_16_Encoder_4burst: area: 2178011220 ,dp = 0 mux = 16 sg = fast         worst_clk_period: -1.0000 
    wns: 0  norm_wns:  -1.0000 
    fail_endp: -1 
    tns:  0  tns_per_endp:  -1.0000   norm_tns_per_endp:  -1.0000 
    tns_sense_max:  -1.0000  tns_sense_avg:  -1.0000   tns_sense_num: -1
 is current best
CDN_DP_region_1_0_c2 in BCH23_16_Encoder_4burst: area: 2178011220 ,dp = 0 mux = 16 sg = very_slow    worst_clk_period: -1.0000 
    wns: 0  norm_wns:  -1.0000 
    fail_endp: -1 
    tns:  0  tns_per_endp:  -1.0000   norm_tns_per_endp:  -1.0000 
    tns_sense_max:  -1.0000  tns_sense_avg:  -1.0000   tns_sense_num: -1
 is current best
CDN_DP_region_1_0_c3 in BCH23_16_Encoder_4burst: area: 2178011220 ,dp = 0 mux = 16 sg = very_fast    worst_clk_period: -1.0000 
    wns: 0  norm_wns:  -1.0000 
    fail_endp: -1 
    tns:  0  tns_per_endp:  -1.0000   norm_tns_per_endp:  -1.0000 
    tns_sense_max:  -1.0000  tns_sense_avg:  -1.0000   tns_sense_num: -1
 is current best
CDN_DP_region_1_0_c4 in BCH23_16_Encoder_4burst: area: 2178011220 ,dp = 0 mux = 16 sg = very_fast    worst_clk_period: -1.0000 
    wns: 0  norm_wns:  -1.0000 
    fail_endp: -1 
    tns:  0  tns_per_endp:  -1.0000   norm_tns_per_endp:  -1.0000 
    tns_sense_max:  -1.0000  tns_sense_avg:  -1.0000   tns_sense_num: -1
 is current best
CDN_DP_region_1_0_c5 in BCH23_16_Encoder_4burst: area: 2178011220 ,dp = 0 mux = 16 sg = very_fast    worst_clk_period: -1.0000 
    wns: 0  norm_wns:  -1.0000 
    fail_endp: -1 
    tns:  0  tns_per_endp:  -1.0000   norm_tns_per_endp:  -1.0000 
    tns_sense_max:  -1.0000  tns_sense_avg:  -1.0000   tns_sense_num: -1
 is current best
CDN_DP_region_1_0_c6 in BCH23_16_Encoder_4burst: area: 2178011220 ,dp = 0 mux = 16 sg = very_fast    worst_clk_period: -1.0000 
    wns: 0  norm_wns:  -1.0000 
    fail_endp: -1 
    tns:  0  tns_per_endp:  -1.0000   norm_tns_per_endp:  -1.0000 
    tns_sense_max:  -1.0000  tns_sense_avg:  -1.0000   tns_sense_num: -1
 is current best
CDN_DP_region_1_0_c7 in BCH23_16_Encoder_4burst: area: 2178011220 ,dp = 0 mux = 16 sg = very_fast    worst_clk_period: -1.0000 
    wns: 0  norm_wns:  -1.0000 
    fail_endp: -1 
    tns:  0  tns_per_endp:  -1.0000   norm_tns_per_endp:  -1.0000 
    tns_sense_max:  -1.0000  tns_sense_avg:  -1.0000   tns_sense_num: -1
 is current best
Best config: CDN_DP_region_1_0_c7 in BCH23_16_Encoder_4burst: area: 2178011220 ,dp = 0 mux = 16 sg = very_fast    worst_clk_period: -1.0000 
    wns: 0  norm_wns:  -1.0000 
    fail_endp: -1 
    tns:  0  tns_per_endp:  -1.0000   norm_tns_per_endp:  -1.0000 
    tns_sense_max:  -1.0000  tns_sense_avg:  -1.0000   tns_sense_num: -1
  Smallest config area : 2178011220.  Fastest config wns;  0
##>+----------------------------------------------------------------------------------------------------------------------------------------------------------------+
##>Summary table of configs (Best config is CDN_DP_region_1_0_c7)
##>+----------------------------------------------------------------------------------------------------------------------------------------------------------------+
##>                     0                  1                  2                  3                  4                  5                  6                  7            
##>+----------------------------------------------------------------------------------------------------------------------------------------------------------------+
##>           Area       2178011220         2178011220         2178011220         2178011220         2178011220         2178011220         2178011220         2178011220  
##>            WNS         +6746.60           +6746.60           +6746.60           +6746.60           +6746.60           +6746.60           +6746.60           +6746.60  
##>            TNS                0                  0                  0                  0                  0                  0                  0                  0  
##>    Num Rewrite                0                  0                  0                  0                  0                  0                  0                  0  
##>     Num Factor                0                  0                  0                  0                  0                  0                  0                  0  
##>      Num Share                0                  0                  0                  0                  0                  0                  0                  0  
##>   Num CmultCse                0                  0                  0                  0                  0                  0                  0                  0  
##>   Num Downsize                0                  0                  0                  0                  0                  0                  0                  0  
##>  Num Speculate                0                  0                  0                  0                  0                  0                  0                  0  
##>     Runtime(s)                0                  0                  0                  0                  0                  0                  0                  0  
+----------------------------------------------------------------------------------------------------------------------------------------------------------------+
##>
##>
##>+------------------------------------------------------------------------------------------------------------------------------------------------------------+
##>Optimization Step DEBUG Table for config CDN_DP_region_1_0_c7
##>
##>                          Step                        Area   ( % Chg)        WNS (Change)        TNS (Change)          Runtime (s)        Comment                   
##>+------------------------------------------------------------------------------------------------------------------------------------------------------------+
##>EquationExtraction              START             2178011220 (      )     6746.60 (        )             0 (        )              
##>                                  END             2178011220 ( +0.00)     6746.60 (   +0.00)             0 (       0)           0  
##>createMaxCarrySave              START             2178011220 ( +0.00)     6746.60 (   +0.00)             0 (       0)              
##> datapath_rewrite_one_def       START             2178011220 ( +0.00)     6746.60 (   +0.00)             0 (       0)              
##>                                  END             2178011220 ( +0.00)     6746.60 (   +0.00)             0 (       0)           0  
##> csa_opto                       START             2178011220 ( +0.00)     6746.60 (   +0.00)             0 (       0)              
##>                                  END             2178011220 ( +0.00)     6746.60 (   +0.00)             0 (       0)           0  
##>                                  END             2178011220 ( +0.00)     6746.60 (   +0.00)             0 (       0)           0  
##>canonicalize_by_names           START             2178011220 ( +0.00)     6746.60 (   +0.00)             0 (       0)              
##>                                  END             2178011220 ( +0.00)     6746.60 (   +0.00)             0 (       0)           0  
##>datapath_rewrite_post_csa_one_  START             2178011220 ( +0.00)     6746.60 (   +0.00)             0 (       0)              
##>                                  END             2178011220 ( +0.00)     6746.60 (   +0.00)             0 (       0)           0  
##>datapath_csa_factoring_one_gde  START             2178011220 ( +0.00)     6746.60 (   +0.00)             0 (       0)              
##>                                  END             2178011220 ( +0.00)     6746.60 (   +0.00)             0 (       0)           0  
##>dpopt_share_one_def             START             2178011220 ( +0.00)     6746.60 (   +0.00)             0 (       0)              
##>                                  END             2178011220 ( +0.00)     6746.60 (   +0.00)             0 (       0)           0  
##>datapath_rewrite_post_share     START             2178011220 ( +0.00)     6746.60 (   +0.00)             0 (       0)              
##>                                  END             2178011220 ( +0.00)     6746.60 (   +0.00)             0 (       0)           0  
##>dp_combine_const_mult_with_com  START             2178011220 ( +0.00)     6746.60 (   +0.00)             0 (       0)              
##>                                  END             2178011220 ( +0.00)     6746.60 (   +0.00)             0 (       0)           0  
##>dp_operator_level_decompositio  START             2178011220 ( +0.00)     6746.60 (   +0.00)             0 (       0)              
##>                                  END             2178011220 ( +0.00)     6746.60 (   +0.00)             0 (       0)           0  
##>selective_flatten_dp_config     START             2178011220 ( +0.00)     6746.60 (   +0.00)             0 (       0)              
##>                                  END             2178011220 ( +0.00)     6746.60 (   +0.00)             0 (       0)           0  
##>createMaxCarrySave              START             2178011220 ( +0.00)     6746.60 (   +0.00)             0 (       0)              
##> datapath_rewrite_one_def       START             2178011220 ( +0.00)     6746.60 (   +0.00)             0 (       0)              
##>  fast_cse_elim                 START             2178011220 ( +0.00)     6746.60 (   +0.00)             0 (       0)              
##>                                  END             2178011220 ( +0.00)     6746.60 (   +0.00)             0 (       0)           0  
##>  fast_cse_elim                 START             2178011220 ( +0.00)     6746.60 (   +0.00)             0 (       0)              
##>                                  END             2178011220 ( +0.00)     6746.60 (   +0.00)             0 (       0)           0  
##>                                  END             2178011220 ( +0.00)     6746.60 (   +0.00)             0 (       0)           0  
##> csa_opto                       START             2178011220 ( +0.00)     6746.60 (   +0.00)             0 (       0)              
##>                                  END             2178011220 ( +0.00)     6746.60 (   +0.00)             0 (       0)           0  
##>                                  END             2178011220 ( +0.00)     6746.60 (   +0.00)             0 (       0)           0  
##>context_based_simplify          START             2178011220 ( +0.00)     6746.60 (   +0.00)             0 (       0)              
##>                                  END             2178011220 ( +0.00)     6746.60 (   +0.00)             0 (       0)           0  
##>group_csa_final_adder_dp        START             2178011220 ( +0.00)     6746.60 (   +0.00)             0 (       0)              
##>                                  END             2178011220 ( +0.00)     6746.60 (   +0.00)             0 (       0)           0  
##>dpopt_flatten_critical_muxes_i  START             2178011220 ( +0.00)     6746.60 (   +0.00)             0 (       0)              
##>                                  END             2178011220 ( +0.00)     6746.60 (   +0.00)             0 (       0)           0  
##>create_score                    START             2178011220 ( +0.00)     6746.60 (   +0.00)             0 (       0)              
##>                                  END             2178011220 ( +0.00)     6746.60 (   +0.00)             0 (       0)           0  
##>+------------------------------------------------------------------------------------------------------------------------------------------------------------+
Committed config: CDN_DP_region_1_0_c7
Info    : Done implementing datapath configurations. [DPOPT-4]
        : Selected 'very_fast' configuration 7 for module 'CDN_DP_region_1_0'.
          Optimizations applied to 'very_fast' configuration:
            rewriting(0), factoring(0), sharing(0), cmultcse(0), downsizing(0), speculation(0)
Info    : Implementing datapath configurations. [DPOPT-3]
        : Implementing datapath configurations for 'CDN_DP_region_3_0'
CSAGen Prep Share:0 Re-Write:1 Speculation: 0
MaxCSA: Successfully built Maximal CSA Expression Expr2
CDN_DP_region_3_0 level = 0 loads = 0 drivers = 0
CDN_DP_region_3_0_c0 in ECC_Cache_System: area: 928247639 ,dp = 1 mux = 1 sg = slow         worst_clk_period: -1.0000 
    wns: 0  norm_wns:  -1.0000 
    fail_endp: -1 
    tns:  0  tns_per_endp:  -1.0000   norm_tns_per_endp:  -1.0000 
    tns_sense_max:  -1.0000  tns_sense_avg:  -1.0000   tns_sense_num: -1
 skipped
CDN_DP_region_3_0_c1 in ECC_Cache_System: area: 928247639 ,dp = 1 mux = 1 sg = fast         worst_clk_period: -1.0000 
    wns: 0  norm_wns:  -1.0000 
    fail_endp: -1 
    tns:  0  tns_per_endp:  -1.0000   norm_tns_per_endp:  -1.0000 
    tns_sense_max:  -1.0000  tns_sense_avg:  -1.0000   tns_sense_num: -1
 is current best
CDN_DP_region_3_0_c2 in ECC_Cache_System: area: 928247639 ,dp = 1 mux = 1 sg = very_slow    worst_clk_period: -1.0000 
    wns: 0  norm_wns:  -1.0000 
    fail_endp: -1 
    tns:  0  tns_per_endp:  -1.0000   norm_tns_per_endp:  -1.0000 
    tns_sense_max:  -1.0000  tns_sense_avg:  -1.0000   tns_sense_num: -1
 is current best
CDN_DP_region_3_0_c3 in ECC_Cache_System: area: 928247639 ,dp = 1 mux = 1 sg = very_fast    worst_clk_period: -1.0000 
    wns: 0  norm_wns:  -1.0000 
    fail_endp: -1 
    tns:  0  tns_per_endp:  -1.0000   norm_tns_per_endp:  -1.0000 
    tns_sense_max:  -1.0000  tns_sense_avg:  -1.0000   tns_sense_num: -1
 is current best
CDN_DP_region_3_0_c4 in ECC_Cache_System: area: 928247639 ,dp = 1 mux = 1 sg = very_fast    worst_clk_period: -1.0000 
    wns: 0  norm_wns:  -1.0000 
    fail_endp: -1 
    tns:  0  tns_per_endp:  -1.0000   norm_tns_per_endp:  -1.0000 
    tns_sense_max:  -1.0000  tns_sense_avg:  -1.0000   tns_sense_num: -1
 is current best
CDN_DP_region_3_0_c5 in ECC_Cache_System: area: 928247639 ,dp = 1 mux = 1 sg = very_fast    worst_clk_period: -1.0000 
    wns: 0  norm_wns:  -1.0000 
    fail_endp: -1 
    tns:  0  tns_per_endp:  -1.0000   norm_tns_per_endp:  -1.0000 
    tns_sense_max:  -1.0000  tns_sense_avg:  -1.0000   tns_sense_num: -1
 is current best
CDN_DP_region_3_0_c6 in ECC_Cache_System: area: 928247639 ,dp = 1 mux = 1 sg = very_fast    worst_clk_period: -1.0000 
    wns: 0  norm_wns:  -1.0000 
    fail_endp: -1 
    tns:  0  tns_per_endp:  -1.0000   norm_tns_per_endp:  -1.0000 
    tns_sense_max:  -1.0000  tns_sense_avg:  -1.0000   tns_sense_num: -1
 is current best
CDN_DP_region_3_0_c7 in ECC_Cache_System: area: 876390229 ,dp = 1 mux = 1 sg = very_fast    worst_clk_period: -1.0000 
    wns: 0  norm_wns:  -1.0000 
    fail_endp: -1 
    tns:  0  tns_per_endp:  -1.0000   norm_tns_per_endp:  -1.0000 
    tns_sense_max:  -1.0000  tns_sense_avg:  -1.0000   tns_sense_num: -1
 is current best
Best config: CDN_DP_region_3_0_c7 in ECC_Cache_System: area: 876390229 ,dp = 1 mux = 1 sg = very_fast    worst_clk_period: -1.0000 
    wns: 0  norm_wns:  -1.0000 
    fail_endp: -1 
    tns:  0  tns_per_endp:  -1.0000   norm_tns_per_endp:  -1.0000 
    tns_sense_max:  -1.0000  tns_sense_avg:  -1.0000   tns_sense_num: -1
  Smallest config area : 876390229.  Fastest config wns;  0
##>+----------------------------------------------------------------------------------------------------------------------------------------------------------------+
##>Summary table of configs (Best config is CDN_DP_region_3_0_c7)
##>+----------------------------------------------------------------------------------------------------------------------------------------------------------------+
##>                     0                  1                  2                  3                  4                  5                  6                  7            
##>+----------------------------------------------------------------------------------------------------------------------------------------------------------------+
##>           Area        928247639          928247639          928247639          928247639          928247639          928247639          928247639          876390229  
##>            WNS         +6934.40           +6934.40           +6934.40           +6934.40           +6934.40           +6934.40           +6934.40           +6934.40  
##>            TNS                0                  0                  0                  0                  0                  0                  0                  0  
##>    Num Rewrite                0                  0                  0                  0                  0                  0                  0                  1  
##>     Num Factor                0                  0                  0                  0                  0                  0                  0                  0  
##>      Num Share                0                  0                  0                  0                  0                  0                  0                  0  
##>   Num CmultCse                0                  0                  0                  0                  0                  0                  0                  0  
##>   Num Downsize                0                  0                  0                  0                  0                  0                  0                  0  
##>  Num Speculate                0                  0                  0                  0                  0                  0                  0                  0  
##>     Runtime(s)                0                  0                  0                  0                  0                  0                  0                  0  
+----------------------------------------------------------------------------------------------------------------------------------------------------------------+
##>
##>
##>+------------------------------------------------------------------------------------------------------------------------------------------------------------+
##>Optimization Step DEBUG Table for config CDN_DP_region_3_0_c7
##>
##>                          Step                        Area   ( % Chg)        WNS (Change)        TNS (Change)          Runtime (s)        Comment                   
##>+------------------------------------------------------------------------------------------------------------------------------------------------------------+
##>EquationExtraction              START              928247639 (      )     6934.40 (        )             0 (        )              
##> rewrite                        START              928247639 ( +0.00)     6934.40 (   +0.00)             0 (       0)              (a,ar) not_equal_from_uns --> not_equal_to_uns
##>                                  END              876390229 ( -5.59)     6934.40 (   +0.00)             0 (       0)           0  
##> rewrite                        START              876390229 ( +0.00)     6934.40 (   +0.00)             0 (       0)              (a,ar) Expr2_from --> Expr2_to
##>                                  END             3422589060 (+290.53)     6934.40 (   +0.00)             0 (       0)           0  
##>                                  END              876390229 ( -5.59)     6934.40 (   +0.00)             0 (       0)           0  
##>createMaxCarrySave              START              876390229 ( +0.00)     6934.40 (   +0.00)             0 (       0)              
##> datapath_rewrite_one_def       START              876390229 ( +0.00)     6934.40 (   +0.00)             0 (       0)              
##>                                  END              876390229 ( +0.00)     6934.40 (   +0.00)             0 (       0)           0  
##> csa_opto                       START              876390229 ( +0.00)     6934.40 (   +0.00)             0 (       0)              
##>                                  END             1820195091 (+107.69)     6934.40 (   +0.00)             0 (       0)           0  
##>                                  END             1820195091 (+107.69)     6934.40 (   +0.00)             0 (       0)           0  
##>canonicalize_by_names           START             1820195091 ( +0.00)     6934.40 (   +0.00)             0 (       0)              
##>                                  END             1820195091 ( +0.00)     6934.40 (   +0.00)             0 (       0)           0  
##>datapath_rewrite_post_csa_one_  START             1820195091 ( +0.00)     6934.40 (   +0.00)             0 (       0)              
##>                                  END             1820195091 ( +0.00)     6934.40 (   +0.00)             0 (       0)           0  
##>datapath_csa_factoring_one_gde  START             1820195091 ( +0.00)     6934.40 (   +0.00)             0 (       0)              
##>                                  END             1820195091 ( +0.00)     6934.40 (   +0.00)             0 (       0)           0  
##>dpopt_share_one_def             START             1820195091 ( +0.00)     6934.40 (   +0.00)             0 (       0)              
##>                                  END             1820195091 ( +0.00)     6934.40 (   +0.00)             0 (       0)           0  
##>datapath_rewrite_post_share     START             1820195091 ( +0.00)     6934.40 (   +0.00)             0 (       0)              
##>                                  END             1820195091 ( +0.00)     6934.40 (   +0.00)             0 (       0)           0  
##>dp_combine_const_mult_with_com  START             1820195091 ( +0.00)     6934.40 (   +0.00)             0 (       0)              
##>                                  END             1820195091 ( +0.00)     6934.40 (   +0.00)             0 (       0)           0  
##>dp_operator_level_decompositio  START             1820195091 ( +0.00)     6934.40 (   +0.00)             0 (       0)              
##>                                  END             1820195091 ( +0.00)     6934.40 (   +0.00)             0 (       0)           0  
##>selective_flatten_dp_config     START             1820195091 ( +0.00)     6934.40 (   +0.00)             0 (       0)              
##>                                  END             1820195091 ( +0.00)     6934.40 (   +0.00)             0 (       0)           0  
##>createMaxCarrySave              START             1820195091 ( +0.00)     6934.40 (   +0.00)             0 (       0)              
##> datapath_rewrite_one_def       START             1820195091 ( +0.00)     6934.40 (   +0.00)             0 (       0)              
##>  fast_cse_elim                 START             1820195091 ( +0.00)     6934.40 (   +0.00)             0 (       0)              
##>                                  END             1820195091 ( +0.00)     6934.40 (   +0.00)             0 (       0)           0  
##>  fast_cse_elim                 START             1820195091 ( +0.00)     6934.40 (   +0.00)             0 (       0)              
##>                                  END             1820195091 ( +0.00)     6934.40 (   +0.00)             0 (       0)           0  
##>                                  END             1820195091 ( +0.00)     6934.40 (   +0.00)             0 (       0)           0  
##> csa_opto                       START             1820195091 ( +0.00)     6934.40 (   +0.00)             0 (       0)              
##>                                  END             1820195091 ( +0.00)     6934.40 (   +0.00)             0 (       0)           0  
##>                                  END             1820195091 ( +0.00)     6934.40 (   +0.00)             0 (       0)           0  
##>context_based_simplify          START              876390229 (-51.85)     6934.40 (   +0.00)             0 (       0)              
##>                                  END              876390229 ( +0.00)     6934.40 (   +0.00)             0 (       0)           0  
##>group_csa_final_adder_dp        START              876390229 ( +0.00)     6934.40 (   +0.00)             0 (       0)              
##>                                  END              876390229 ( +0.00)     6934.40 (   +0.00)             0 (       0)           0  
##>dpopt_flatten_critical_muxes_i  START              876390229 ( +0.00)     6934.40 (   +0.00)             0 (       0)              
##>                                  END              876390229 ( +0.00)     6934.40 (   +0.00)             0 (       0)           0  
##>create_score                    START              876390229 ( +0.00)     6934.40 (   +0.00)             0 (       0)              
##>                                  END              876390229 ( +0.00)     6934.40 (   +0.00)             0 (       0)           0  
##>+------------------------------------------------------------------------------------------------------------------------------------------------------------+
Committed config: CDN_DP_region_3_0_c7
Info    : Done implementing datapath configurations. [DPOPT-4]
        : Selected 'very_fast' configuration 7 for module 'CDN_DP_region_3_0'.
          Optimizations applied to 'very_fast' configuration:
            rewriting(1), factoring(0), sharing(0), cmultcse(0), downsizing(0), speculation(0)
Info    : Done optimizing datapath logic. [DPOPT-2]
        : Done optimizing datapath logic in 'ECC_Cache_System'.
Number of big hc bmuxes after = 0
Starting logic reduction [v1.0] (stage: post_rtlopt, startdef: ECC_Cache_System, recur: true)
Completed logic reduction (accepts: 0, rejects: 0, runtime: 0.001s)
Starting mux data reorder optimization [v1.0] (stage: post_rtlopt, startdef: ECC_Cache_System, recur: true)
Completed mux data reorder optimization (accepts: 0, rejects: 0, runtime: 0.041s)

Stage: post_rtlopt
----------------------------------------------------------
| Transform           | Accepts | Rejects | Runtime (ms) | 
----------------------------------------------------------
| hlo_logic_reduction |       0 |       0 |         1.00 | 
| hlo_mux_reorder     |       0 |       0 |        41.00 | 
----------------------------------------------------------
Starting mux speculation [v1.0] (stage: post_muxopt, startdef: ECC_Cache_System, recur: true)
Starting speculation optimization
Completed speculation optimization (accepts:0)
Completed mux speculation (accepts: 0, rejects: 0, runtime: 0.049s)

Stage: post_muxopt
------------------------------------------------------
| Transform       | Accepts | Rejects | Runtime (ms) | 
------------------------------------------------------
| hlo_speculation |       0 |       0 |        49.00 | 
------------------------------------------------------
==================================
Stage : to_generic 
==================================
  =================
   Message Summary
  =================
--------------------------------------------------------------------------------
|    Id     |  Sev   |Count |                  Message Text                    |
--------------------------------------------------------------------------------
| CDFG-250  |Info    |    9 |Processing multi-dimensional arrays.              |
| CDFG-500  |Info    |    1 |Unused module input port.                         |
|           |        |      |(In port definition within the module, the input  |
|           |        |      | port is not used in any assignment statements or |
|           |        |      | conditional expressions for decision statements. |
| CDFG-738  |Info    |    7 |Common subexpression eliminated.                  |
| CDFG-739  |Info    |    7 |Common subexpression kept.                        |
| CDFG-769  |Info    |    3 |Identified sum-of-products logic to be optimized  |
|           |        |      | during syn_generic.                              |
| CDFG-780  |Info    |    1 |Reversed the data and condition priority for      |
|           |        |      | priority mux chain                               |
|           |        |      | (possibly created from loop based RTL)           |
|           |        |      | , using new loop reversal algorithm.             |
| CDFG-893  |Info    |   17 |Optimized the MUX created for array read / write  |
|           |        |      | or variable shifter.                             |
| CWD-19    |Info    |  107 |An implementation was inferred.                   |
| DPOPT-1   |Info    |    1 |Optimizing datapath logic.                        |
| DPOPT-2   |Info    |    1 |Done optimizing datapath logic.                   |
| DPOPT-3   |Info    |    4 |Implementing datapath configurations.             |
| DPOPT-4   |Info    |    4 |Done implementing datapath configurations.        |
| DPOPT-6   |Info    |    1 |Pre-processed datapath logic.                     |
| DPOPT-10  |Info    |    1 |Optimized a mux chain.                            |
| ELAB-1    |Info    |    1 |Elaborating Design.                               |
| ELAB-2    |Info    |    5 |Elaborating Subdesign.                            |
| ELAB-3    |Info    |    1 |Done Elaborating Design.                          |
| GLO-34    |Info    |   19 |Deleting instances not driving any primary        |
|           |        |      | outputs.                                         |
|           |        |      |Optimizations such as constant propagation or     |
|           |        |      | redundancy removal could change the connections  |
|           |        |      | so a hierarchical instance does not drive any    |
|           |        |      | primary outputs anymore. To see the list of      |
|           |        |      | deleted hierarchical instances, set the          |
|           |        |      | 'information_level' attribute to 2 or above. If  |
|           |        |      | the message is truncated set the message         |
|           |        |      | attribute 'truncate' to false to see the         |
|           |        |      | complete list. To prevent this optimization, set |
|           |        |      | the 'delete_unloaded_insts' root/subdesign       |
|           |        |      | attribute to 'false' or 'preserve' instance      |
|           |        |      | attribute to 'true'.                             |
| GLO-51    |Info    |    5 |Hierarchical instance automatically ungrouped.    |
|           |        |      |Hierarchical instances can be automatically       |
|           |        |      | ungrouped to allow for better area or timing     |
|           |        |      | optimization. To prevent this ungroup, set the   |
|           |        |      | root-level attribute 'auto_ungroup' to 'none'.   |
|           |        |      | You can also prevent individual ungroup with     |
|           |        |      | setting the attribute 'ungroup_ok' of instances  |
|           |        |      | or modules to 'false'.                           |
| LBR-41    |Info    |    1 |An output library pin lacks a function attribute. |
|           |        |      |If the remainder of this library cell's semantic  |
|           |        |      | checks are successful, it will be considered as  |
|           |        |      | a timing-model                                   |
|           |        |      | (because one of its outputs does not have a vali |
|           |        |      | d function.                                      |
| LBR-43    |Warning |  485 |Libcell has no area attribute.  Defaulting to 0   |
|           |        |      | area.                                            |
|           |        |      |Specify a valid area value for the libcell.       |
| LBR-155   |Info    |  744 |Mismatch in unateness between 'timing_sense'      |
|           |        |      | attribute and the function.                      |
|           |        |      |The 'timing_sense' attribute will be respected.   |
| LBR-161   |Info    |    1 |Setting the maximum print count of this message   |
|           |        |      | to 10 if information_level is less than 9.       |
| LBR-162   |Info    |  124 |Both 'pos_unate' and 'neg_unate' timing_sense     |
|           |        |      | arcs have been processed.                        |
|           |        |      |Setting the 'timing_sense' to non_unate.          |
| LBR-170   |Info    |  128 |Ignoring specified timing sense.                  |
|           |        |      |Timing sense should never be set with             |
|           |        |      | 'rising_edge' or 'falling_edge' timing type.     |
| LBR-412   |Info    |    1 |Created nominal operating condition.              |
|           |        |      |The nominal operating condition is represented,   |
|           |        |      | either by the nominal PVT values specified in    |
|           |        |      | the library source                               |
|           |        |      | (via nom_process,nom_voltage and nom_temperature |
|           |        |      | respectively)                                    |
|           |        |      | , or by the default PVT values (1.0,1.0,1.0).    |
| LBR-516   |Info    |    1 |Missing library level attribute.                  |
| LBR-518   |Info    |    1 |Missing a function attribute in the output pin    |
|           |        |      | definition.                                      |
| LBR-714   |Warning |    1 |Inconsistency detected among the units specified  |
|           |        |      | in the timing libraries being used.              |
|           |        |      |Default system time/capacitance unit will be      |
|           |        |      | used.                                            |
| PHYS-752  |Info    |    1 |Partition Based Synthesis execution skipped.      |
| SYNTH-1   |Info    |    1 |Synthesizing.                                     |
| TIM-1000  |Info    |    1 |Multimode clock gating check is disabled.         |
| VLOGPT-12 |Warning | 1994 |Ignoring non-printable character.                 |
|           |        |      |A non-printing character which is not a           |
|           |        |      | whitespace or format control character is        |
|           |        |      | ignored.                                         |
--------------------------------------------------------------------------------
Current PLE settings:

Aspect ratio        : 1.000
Shrink factor       : 1.000
Scale of res/length : 1.000
Scale of cap/length : 1.000
Net derating factor : 1.000
Thermal factor      : 1.000
Via Resistance      : 4.416 ohm (from lef_library)
Site size           : 1.910 um (from lef [tech+cell])

                                   Capacitance  
  Layer                             / Length         Data source:
Name        Direction Utilization  (pF/micron)       lef_library
------------------------------------------------
Metal1          H         0.00        0.000412  
Metal2          V         1.00        0.000414  
Metal3          H         1.00        0.000414  
Metal4          V         1.00        0.000414  
Metal5          H         1.00        0.000414  
Metal6          V         1.00        0.000414  
Metal7          H         1.00        0.000414  
Metal8          V         1.00        0.000414  
Metal9          H         1.00        0.000414  

                                    Resistance   
  Layer                              / Length         Data source:
Name        Direction Utilization  (ohm/micron)       lef_library
-------------------------------------------------
Metal1          H         0.00         3.000000  
Metal2          V         1.00         2.428571  
Metal3          H         1.00         2.428571  
Metal4          V         1.00         2.428571  
Metal5          H         1.00         2.428571  
Metal6          V         1.00         2.428571  
Metal7          H         1.00         2.428571  
Metal8          V         1.00         2.428571  
Metal9          H         1.00         0.285714  

                                        Area     
  Layer                               / Length        Data source:
Name        Direction Utilization     (micron)        lef_library
-------------------------------------------------
Metal1          H         0.00         0.060000  
Metal2          V         1.00         0.070000  
Metal3          H         1.00         0.070000  
Metal4          V         1.00         0.070000  
Metal5          H         1.00         0.070000  
Metal6          V         1.00         0.070000  
Metal7          H         1.00         0.070000  
Metal8          V         1.00         0.070000  
Metal9          H         1.00         0.070000  

Mapper: Libraries have:
	domain _default_: 291 combo usable cells and 126 sequential usable cells
Multi-threaded constant propagation [1|0] ...
Info    : Replacing the synchronous part of an always feeding back flip-flop with a logic constant. [GLO-45]
        : The instance is 'cache/addr_way1_reg[3][6]'. The constant is '0'.
        : To prevent this optimization, set 'optimize_constant_feedback_seqs' root attribute to 'false'. The instance attribute 'optimize_constant_feedback_seq' controls this optimization. 
Info    : Replacing a flip-flop with a logic constant 0. [GLO-12]
        : The instance is 'cache/addr_way1_reg[3][6]'.
        : To prevent this optimization, set the 'optimize_constant_0_flops' root attribute to 'false' or 'optimize_constant_0_seq' instance attribute to 'false'. You can also see the complete list of deleted sequential with command "report sequential -deleted" (on Reason "constant0").
Info    : Deleting instances not driving any primary outputs. [GLO-34]
        : Deleting 1 sequential instance.
Info    : Replacing a flip-flop with a logic constant 0. [GLO-12]
        : The instance is 'cache/addr_way0_reg[1][5]'.
Info    : Replacing a flip-flop with a logic constant 0. [GLO-12]
        : The instance is 'cache/addr_way0_reg[1][6]'.
Info    : Replacing a flip-flop with a logic constant 0. [GLO-12]
        : The instance is 'cache/addr_way0_reg[2][5]'.
Info    : Replacing a flip-flop with a logic constant 0. [GLO-12]
        : The instance is 'cache/addr_way0_reg[3][6]'.
Info    : Replacing a flip-flop with a logic constant 0. [GLO-12]
        : The instance is 'cache/addr_way1_reg[1][5]'.
Info    : Replacing a flip-flop with a logic constant 0. [GLO-12]
        : The instance is 'cache/addr_way1_reg[1][6]'.
Info    : Replacing a flip-flop with a logic constant 0. [GLO-12]
        : The instance is 'cache/addr_way1_reg[2][5]'.
Info    : Deleting instances not driving any primary outputs. [GLO-34]
        : Deleting 7 sequential instances.
Info    : Deleting instances not driving any primary outputs. [GLO-34]
        : Deleting 40 sequential instances.
Multi-threaded Virtual Mapping    (8 threads per ST process, 8 of 12 CPUs usable)
==================================
Stage : first_condense 
==================================
  =================
   Message Summary
  =================
--------------------------------------------------------------------------------
|   Id   |Sev  |Count |                     Message Text                       |
--------------------------------------------------------------------------------
| GLO-12 |Info |    8 |Replacing a flip-flop with a logic constant 0.          |
|        |     |      |To prevent this optimization, set the                   |
|        |     |      | 'optimize_constant_0_flops' root attribute to 'false'  |
|        |     |      | or 'optimize_constant_0_seq' instance attribute to     |
|        |     |      | 'false'. You can also see the complete list of deleted |
|        |     |      | sequential with command 'report sequential -deleted'   |
|        |     |      | (on Reason 'constant0').                               |
| GLO-34 |Info |    3 |Deleting instances not driving any primary outputs.     |
|        |     |      |Optimizations such as constant propagation or           |
|        |     |      | redundancy removal could change the connections so a   |
|        |     |      | hierarchical instance does not drive any primary       |
|        |     |      | outputs anymore. To see the list of deleted            |
|        |     |      | hierarchical instances, set the 'information_level'    |
|        |     |      | attribute to 2 or above. If the message is truncated   |
|        |     |      | set the message attribute 'truncate' to false to see   |
|        |     |      | the complete list. To prevent this optimization, set   |
|        |     |      | the 'delete_unloaded_insts' root/subdesign attribute   |
|        |     |      | to 'false' or 'preserve' instance attribute to 'true'. |
| GLO-42 |Info |   40 |Equivalent sequential instances have been merged.       |
|        |     |      |To prevent merging of sequential instances, set the     |
|        |     |      | 'optimize_merge_flops' and 'optimize_merge_latches'    |
|        |     |      | root attributes to 'false' or the 'optimize_merge_seq' |
|        |     |      | instance attribute to 'false'.                         |
| GLO-45 |Info |    1 |Replacing the synchronous part of an always feeding     |
|        |     |      | back flip-flop with a logic constant.                  |
|        |     |      |To prevent this optimization, set                       |
|        |     |      | 'optimize_constant_feedback_seqs' root attribute to    |
|        |     |      | 'false'. The instance attribute                        |
|        |     |      | 'optimize_constant_feedback_seq' controls this         |
|        |     |      | optimization.                                          |
| GLO-51 |Info |    1 |Hierarchical instance automatically ungrouped.          |
|        |     |      |Hierarchical instances can be automatically ungrouped   |
|        |     |      | to allow for better area or timing optimization. To    |
|        |     |      | prevent this ungroup, set the root-level attribute     |
|        |     |      | 'auto_ungroup' to 'none'. You can also prevent         |
|        |     |      | individual ungroup with setting the attribute          |
|        |     |      | 'ungroup_ok' of instances or modules to 'false'.       |
--------------------------------------------------------------------------------
 
Global mapping target info
==========================
Cost Group 'clk' target slack:   264 ps
Target path end-point (Port: ECC_Cache_System/data_out[11])


State Retention Synthesis Status
================================

Category                        Flops   Percentage
--------------------------------------------------
Total instances                   276        100.0
Excluded from State Retention     276        100.0
    - Will not convert            276        100.0
      - Preserved                   0          0.0
      - Power intent excluded     276        100.0
    - Could not convert             0          0.0
      - Scan type                   0          0.0
      - No suitable cell            0          0.0
State Retention instances           0          0.0
--------------------------------------------------

PBS_Generic_Opt-Post - Elapsed_Time 15, CPU_Time 14.592832999999999
stamp 'PBS_Generic_Opt-Post' being created for table 'pbs_debug'

  Total Time (Wall) |  Stage Time (Wall)  |   % (Wall)   |    Date - Time     |  Memory   | Stage
--------------------+---------------------+--------------+--------------------+-----------+----------------------
 00:00:10(00:00:14) |  00:00:00(00:00:00) |   0.0(  0.0) |   16:29:20 (May14) |  455.7 MB | PBS_Generic-Start
--------------------+---------------------+--------------+--------------------+-----------+----------------------
 00:00:24(00:00:29) |  00:00:14(00:00:15) | 100.0(100.0) |   16:29:35 (May14) |  802.9 MB | PBS_Generic_Opt-Post
--------------------+---------------------+--------------+--------------------+-----------+----------------------
Number of threads: 8 * 1   (id: pbs_debug, time_info v1.57)
Info: (*N*) indicates data that was populated from previously saved time_info database
Info: CPU time includes time of parent + longest thread
PBS_Generic-Postgen HBO Optimizations - Elapsed_Time 0, CPU_Time 0.0
stamp 'PBS_Generic-Postgen HBO Optimizations' being created for table 'pbs_debug'

  Total Time (Wall) |  Stage Time (Wall)  |   % (Wall)   |    Date - Time     |  Memory   | Stage
--------------------+---------------------+--------------+--------------------+-----------+----------------------
 00:00:10(00:00:14) |  00:00:00(00:00:00) |   0.0(  0.0) |   16:29:20 (May14) |  455.7 MB | PBS_Generic-Start
--------------------+---------------------+--------------+--------------------+-----------+----------------------
 00:00:24(00:00:29) |  00:00:14(00:00:15) | 100.0(100.0) |   16:29:35 (May14) |  802.9 MB | PBS_Generic_Opt-Post
--------------------+---------------------+--------------+--------------------+-----------+----------------------
 00:00:24(00:00:29) |  00:00:00(00:00:00) |   0.0(  0.0) |   16:29:35 (May14) |  802.9 MB | PBS_Generic-Postgen HBO Optimizations
--------------------+---------------------+--------------+--------------------+-----------+----------------------
Number of threads: 8 * 1   (id: pbs_debug, time_info v1.57)
Info: (*N*) indicates data that was populated from previously saved time_info database
Info: CPU time includes time of parent + longest thread
##>=================== Cadence Confidential (Generic-Logical) ===================
##>=================== Cadence Confidential (Generic-Logical) ===================
##>Main Thread Summary:
##>----------------------------------------------------------------------------------------
##>STEP                           Elapsed       WNS       TNS     Insts      Area    Memory
##>----------------------------------------------------------------------------------------
##>G:Initial                            0         -         -      3834     13729       455
##>G:Setup                              0         -         -         -         -         -
##>G:Launch ST                          0         -         -         -         -         -
##>G:Design Partition                   0         -         -         -         -         -
##>G:Create Partition Netlists          0         -         -         -         -         -
##>G:Init Power                         0         -         -         -         -         -
##>G:Budgeting                          0         -         -         -         -         -
##>G:Derenv-DB                          0         -         -         -         -         -
##>G:Debug Outputs                      0         -         -         -         -         -
##>G:ST loading                         0         -         -         -         -         -
##>G:Distributed                        0         -         -         -         -         -
##>G:Timer                              0         -         -         -         -         -
##>G:Assembly                           0         -         -         -         -         -
##>G:DFT                                0         -         -         -         -         -
##>G:Const Prop                         0         -         -      1480      5623       802
##>G:Misc                              15
##>----------------------------------------------------------------------------------------
##>Total Elapsed                       15
##>========================================================================================
Info    : Done synthesizing. [SYNTH-2]
        : Done synthesizing 'ECC_Cache_System' to generic gates.
      flow.cputime  flow.realtime  timing.setup.tns  timing.setup.wns  snapshot
UM:*                                                                   syn_gen
@file(run.tcl) 9: syn_map
##Generic Timing Info for library domain: _default_ typical gate delay: 127.9 ps std_slew: 19.0 ps std_load: 2.2 fF
Current PLE settings:

Aspect ratio        : 1.000
Shrink factor       : 1.000
Scale of res/length : 1.000
Scale of cap/length : 1.000
Net derating factor : 1.000
Thermal factor      : 1.000
Via Resistance      : 4.416 ohm (from lef_library)
Site size           : 1.910 um (from lef [tech+cell])

                                   Capacitance  
  Layer                             / Length         Data source:
Name        Direction Utilization  (pF/micron)       lef_library
------------------------------------------------
Metal1          H         0.00        0.000412  
Metal2          V         1.00        0.000414  
Metal3          H         1.00        0.000414  
Metal4          V         1.00        0.000414  
Metal5          H         1.00        0.000414  
Metal6          V         1.00        0.000414  
Metal7          H         1.00        0.000414  
Metal8          V         1.00        0.000414  
Metal9          H         1.00        0.000414  

                                    Resistance   
  Layer                              / Length         Data source:
Name        Direction Utilization  (ohm/micron)       lef_library
-------------------------------------------------
Metal1          H         0.00         3.000000  
Metal2          V         1.00         2.428571  
Metal3          H         1.00         2.428571  
Metal4          V         1.00         2.428571  
Metal5          H         1.00         2.428571  
Metal6          V         1.00         2.428571  
Metal7          H         1.00         2.428571  
Metal8          V         1.00         2.428571  
Metal9          H         1.00         0.285714  

                                        Area     
  Layer                               / Length        Data source:
Name        Direction Utilization     (micron)        lef_library
-------------------------------------------------
Metal1          H         0.00         0.060000  
Metal2          V         1.00         0.070000  
Metal3          H         1.00         0.070000  
Metal4          V         1.00         0.070000  
Metal5          H         1.00         0.070000  
Metal6          V         1.00         0.070000  
Metal7          H         1.00         0.070000  
Metal8          V         1.00         0.070000  
Metal9          H         1.00         0.070000  

Info    : Mapping. [SYNTH-4]
        : Mapping 'ECC_Cache_System' using 'high' effort.
Mapper: Libraries have:
	domain _default_: 291 combo usable cells and 126 sequential usable cells
Configuring mapper costing (none)
TNS Restructuring config: no_value at stage: map applied.
PBS_TechMap-Start - Elapsed_Time 0, CPU_Time 0.0
stamp 'PBS_TechMap-Start' being created for table 'pbs_debug'

  Total Time (Wall) |  Stage Time (Wall)  |   % (Wall)   |    Date - Time     |  Memory   | Stage
--------------------+---------------------+--------------+--------------------+-----------+----------------------
 00:00:10(00:00:14) |  00:00:00(00:00:00) |   0.0(  0.0) |   16:29:20 (May14) |  455.7 MB | PBS_Generic-Start
--------------------+---------------------+--------------+--------------------+-----------+----------------------
 00:00:24(00:00:29) |  00:00:14(00:00:15) |  93.6(100.0) |   16:29:35 (May14) |  802.9 MB | PBS_Generic_Opt-Post
--------------------+---------------------+--------------+--------------------+-----------+----------------------
 00:00:24(00:00:29) |  00:00:00(00:00:00) |   0.0(  0.0) |   16:29:35 (May14) |  802.9 MB | PBS_Generic-Postgen HBO Optimizations
--------------------+---------------------+--------------+--------------------+-----------+----------------------
 00:00:25(00:00:29) |  00:00:01(00:00:00) |   6.4(  0.0) |   16:29:35 (May14) |  802.9 MB | PBS_TechMap-Start
--------------------+---------------------+--------------+--------------------+-----------+----------------------
Number of threads: 8 * 1   (id: pbs_debug, time_info v1.57)
Info: (*N*) indicates data that was populated from previously saved time_info database
Info: CPU time includes time of parent + longest thread
PBS_TechMap-Premap HBO Optimizations - Elapsed_Time 0, CPU_Time 0.0
stamp 'PBS_TechMap-Premap HBO Optimizations' being created for table 'pbs_debug'

  Total Time (Wall) |  Stage Time (Wall)  |   % (Wall)   |    Date - Time     |  Memory   | Stage
--------------------+---------------------+--------------+--------------------+-----------+----------------------
 00:00:10(00:00:14) |  00:00:00(00:00:00) |   0.0(  0.0) |   16:29:20 (May14) |  455.7 MB | PBS_Generic-Start
--------------------+---------------------+--------------+--------------------+-----------+----------------------
 00:00:24(00:00:29) |  00:00:14(00:00:15) |  93.6(100.0) |   16:29:35 (May14) |  802.9 MB | PBS_Generic_Opt-Post
--------------------+---------------------+--------------+--------------------+-----------+----------------------
 00:00:24(00:00:29) |  00:00:00(00:00:00) |   0.0(  0.0) |   16:29:35 (May14) |  802.9 MB | PBS_Generic-Postgen HBO Optimizations
--------------------+---------------------+--------------+--------------------+-----------+----------------------
 00:00:25(00:00:29) |  00:00:01(00:00:00) |   6.4(  0.0) |   16:29:35 (May14) |  802.9 MB | PBS_TechMap-Start
--------------------+---------------------+--------------+--------------------+-----------+----------------------
 00:00:25(00:00:29) |  00:00:00(00:00:00) |   0.0(  0.0) |   16:29:35 (May14) |  802.9 MB | PBS_TechMap-Premap HBO Optimizations
--------------------+---------------------+--------------+--------------------+-----------+----------------------
Number of threads: 8 * 1   (id: pbs_debug, time_info v1.57)
Info: (*N*) indicates data that was populated from previously saved time_info database
Info: CPU time includes time of parent + longest thread
Info    : Partition Based Synthesis execution skipped. [PHYS-752]
        : Design size is less than the partition size '100000' for distributed mapping optimization to kick in.
Current PLE settings:

Aspect ratio        : 1.000
Shrink factor       : 1.000
Scale of res/length : 1.000
Scale of cap/length : 1.000
Net derating factor : 1.000
Thermal factor      : 1.000
Via Resistance      : 4.416 ohm (from lef_library)
Site size           : 1.910 um (from lef [tech+cell])

                                   Capacitance  
  Layer                             / Length         Data source:
Name        Direction Utilization  (pF/micron)       lef_library
------------------------------------------------
Metal1          H         0.00        0.000412  
Metal2          V         1.00        0.000414  
Metal3          H         1.00        0.000414  
Metal4          V         1.00        0.000414  
Metal5          H         1.00        0.000414  
Metal6          V         1.00        0.000414  
Metal7          H         1.00        0.000414  
Metal8          V         1.00        0.000414  
Metal9          H         1.00        0.000414  

                                    Resistance   
  Layer                              / Length         Data source:
Name        Direction Utilization  (ohm/micron)       lef_library
-------------------------------------------------
Metal1          H         0.00         3.000000  
Metal2          V         1.00         2.428571  
Metal3          H         1.00         2.428571  
Metal4          V         1.00         2.428571  
Metal5          H         1.00         2.428571  
Metal6          V         1.00         2.428571  
Metal7          H         1.00         2.428571  
Metal8          V         1.00         2.428571  
Metal9          H         1.00         0.285714  

                                        Area     
  Layer                               / Length        Data source:
Name        Direction Utilization     (micron)        lef_library
-------------------------------------------------
Metal1          H         0.00         0.060000  
Metal2          V         1.00         0.070000  
Metal3          H         1.00         0.070000  
Metal4          V         1.00         0.070000  
Metal5          H         1.00         0.070000  
Metal6          V         1.00         0.070000  
Metal7          H         1.00         0.070000  
Metal8          V         1.00         0.070000  
Metal9          H         1.00         0.070000  

Mapper: Libraries have:
	domain _default_: 291 combo usable cells and 126 sequential usable cells
Multi-threaded Virtual Mapping    (8 threads per ST process, 8 of 12 CPUs usable)
 
Global mapping target info
==========================
Cost Group 'clk' target slack:   264 ps
Target path end-point (Port: ECC_Cache_System/data_out[16])

Multi-threaded Virtual Mapping    (8 threads per ST process, 8 of 12 CPUs usable)
Multi-threaded Technology Mapping (8 threads per ST process, 8 of 12 CPUs usable)
 
Global mapping status
=====================
                                   Group   
                                  Tot Wrst 
                           Total  Weighted 
Operation                   Area   Slacks  
 global_map                 4656        0 

    Cost Group            Target    Slack    Diff.  Constr.
-----------------------------------------------------------
           clk               264     4627             10000 

 
Global incremental target info
==============================
Cost Group 'clk' target slack:   174 ps
Target path end-point (Port: ECC_Cache_System/data_out[11])

==================================
Stage : global_incr_map 
==================================
  =================
   Message Summary
  =================
--------------------------------------------------------------------------------
|    Id    |Sev  |Count |                    Message Text                      |
--------------------------------------------------------------------------------
| GLO-51   |Info |    2 |Hierarchical instance automatically ungrouped.        |
|          |     |      |Hierarchical instances can be automatically ungrouped |
|          |     |      | to allow for better area or timing optimization. To  |
|          |     |      | prevent this ungroup, set the root-level attribute   |
|          |     |      | 'auto_ungroup' to 'none'. You can also prevent       |
|          |     |      | individual ungroup with setting the attribute        |
|          |     |      | 'ungroup_ok' of instances or modules to 'false'.     |
| LBR-155  |Info |  248 |Mismatch in unateness between 'timing_sense'          |
|          |     |      | attribute and the function.                          |
|          |     |      |The 'timing_sense' attribute will be respected.       |
| LBR-170  |Info |   32 |Ignoring specified timing sense.                      |
|          |     |      |Timing sense should never be set with 'rising_edge'   |
|          |     |      | or 'falling_edge' timing type.                       |
| PHYS-752 |Info |    1 |Partition Based Synthesis execution skipped.          |
| SYNTH-2  |Info |    1 |Done synthesizing.                                    |
| SYNTH-4  |Info |    1 |Mapping.                                              |
--------------------------------------------------------------------------------
 
Global incremental optimization status
======================================
                                   Group   
                                  Tot Wrst 
                           Total  Weighted 
Operation                   Area   Slacks  
 global_incr                4635        0 

    Cost Group            Target    Slack    Diff.  Constr.
-----------------------------------------------------------
           clk               174     4470             10000 


State Retention Synthesis Status
================================

Category                        Flops   Percentage
--------------------------------------------------
Total instances                   276        100.0
Excluded from State Retention     276        100.0
    - Will not convert            276        100.0
      - Preserved                   0          0.0
      - Power intent excluded     276        100.0
    - Could not convert             0          0.0
      - Scan type                   0          0.0
      - No suitable cell            0          0.0
State Retention instances           0          0.0
--------------------------------------------------

INFO: skipping constant propagation
PBS_Techmap-Global Mapping - Elapsed_Time 3, CPU_Time 2.8274320000000017
stamp 'PBS_Techmap-Global Mapping' being created for table 'pbs_debug'

  Total Time (Wall) |  Stage Time (Wall)  |   % (Wall)   |    Date - Time     |  Memory   | Stage
--------------------+---------------------+--------------+--------------------+-----------+----------------------
 00:00:10(00:00:14) |  00:00:00(00:00:00) |   0.0(  0.0) |   16:29:20 (May14) |  455.7 MB | PBS_Generic-Start
--------------------+---------------------+--------------+--------------------+-----------+----------------------
 00:00:24(00:00:29) |  00:00:14(00:00:15) |  79.2( 78.9) |   16:29:35 (May14) |  802.9 MB | PBS_Generic_Opt-Post
--------------------+---------------------+--------------+--------------------+-----------+----------------------
 00:00:24(00:00:29) |  00:00:00(00:00:00) |   0.0(  0.0) |   16:29:35 (May14) |  802.9 MB | PBS_Generic-Postgen HBO Optimizations
--------------------+---------------------+--------------+--------------------+-----------+----------------------
 00:00:25(00:00:29) |  00:00:01(00:00:00) |   5.4(  0.0) |   16:29:35 (May14) |  802.9 MB | PBS_TechMap-Start
--------------------+---------------------+--------------+--------------------+-----------+----------------------
 00:00:25(00:00:29) |  00:00:00(00:00:00) |   0.0(  0.0) |   16:29:35 (May14) |  802.9 MB | PBS_TechMap-Premap HBO Optimizations
--------------------+---------------------+--------------+--------------------+-----------+----------------------
 00:00:28(00:00:33) |  00:00:02(00:00:04) |  15.3( 21.1) |   16:29:39 (May14) |  802.9 MB | PBS_Techmap-Global Mapping
--------------------+---------------------+--------------+--------------------+-----------+----------------------
Number of threads: 8 * 1   (id: pbs_debug, time_info v1.57)
Info: (*N*) indicates data that was populated from previously saved time_info database
Info: CPU time includes time of parent + longest thread
Warning : Command 'commit_power_intent' cannot proceed as there is no power intent loaded. [CPI-506]
        : Command 'commit_power_intent' requires a valid power_intent to be loaded.
Info    : Wrote formal verification information. [CFM-5]
        : Wrote 'fv/ECC_Cache_System/fv_map.fv.json' for netlist 'fv/ECC_Cache_System/fv_map.v.gz'.
Info    : Wrote dofile. [CFM-1]
        : Dofile is 'fv/ECC_Cache_System/rtl_to_fv_map.do'.
        : Alias mapping flow is enabled.
PBS_TechMap-Datapath Postmap Operations - Elapsed_Time 1, CPU_Time 1.0
stamp 'PBS_TechMap-Datapath Postmap Operations' being created for table 'pbs_debug'

  Total Time (Wall) |  Stage Time (Wall)  |   % (Wall)   |    Date - Time     |  Memory   | Stage
--------------------+---------------------+--------------+--------------------+-----------+----------------------
 00:00:10(00:00:14) |  00:00:00(00:00:00) |   0.0(  0.0) |   16:29:20 (May14) |  455.7 MB | PBS_Generic-Start
--------------------+---------------------+--------------+--------------------+-----------+----------------------
 00:00:24(00:00:29) |  00:00:14(00:00:15) |  75.1( 75.0) |   16:29:35 (May14) |  802.9 MB | PBS_Generic_Opt-Post
--------------------+---------------------+--------------+--------------------+-----------+----------------------
 00:00:24(00:00:29) |  00:00:00(00:00:00) |   0.0(  0.0) |   16:29:35 (May14) |  802.9 MB | PBS_Generic-Postgen HBO Optimizations
--------------------+---------------------+--------------+--------------------+-----------+----------------------
 00:00:25(00:00:29) |  00:00:01(00:00:00) |   5.1(  0.0) |   16:29:35 (May14) |  802.9 MB | PBS_TechMap-Start
--------------------+---------------------+--------------+--------------------+-----------+----------------------
 00:00:25(00:00:29) |  00:00:00(00:00:00) |   0.0(  0.0) |   16:29:35 (May14) |  802.9 MB | PBS_TechMap-Premap HBO Optimizations
--------------------+---------------------+--------------+--------------------+-----------+----------------------
 00:00:28(00:00:33) |  00:00:02(00:00:04) |  14.6( 20.0) |   16:29:39 (May14) |  802.9 MB | PBS_Techmap-Global Mapping
--------------------+---------------------+--------------+--------------------+-----------+----------------------
 00:00:29(00:00:34) |  00:00:01(00:00:01) |   5.1(  5.0) |   16:29:40 (May14) |  787.7 MB | PBS_TechMap-Datapath Postmap Operations
--------------------+---------------------+--------------+--------------------+-----------+----------------------
Number of threads: 8 * 1   (id: pbs_debug, time_info v1.57)
Info: (*N*) indicates data that was populated from previously saved time_info database
Info: CPU time includes time of parent + longest thread
PBS_TechMap-Postmap HBO Optimizations - Elapsed_Time 0, CPU_Time -0.011300999999999561
stamp 'PBS_TechMap-Postmap HBO Optimizations' being created for table 'pbs_debug'

  Total Time (Wall) |  Stage Time (Wall)  |   % (Wall)   |    Date - Time     |  Memory   | Stage
--------------------+---------------------+--------------+--------------------+-----------+----------------------
 00:00:10(00:00:14) |  00:00:00(00:00:00) |   0.0(  0.0) |   16:29:20 (May14) |  455.7 MB | PBS_Generic-Start
--------------------+---------------------+--------------+--------------------+-----------+----------------------
 00:00:24(00:00:29) |  00:00:14(00:00:15) |  75.2( 75.0) |   16:29:35 (May14) |  802.9 MB | PBS_Generic_Opt-Post
--------------------+---------------------+--------------+--------------------+-----------+----------------------
 00:00:24(00:00:29) |  00:00:00(00:00:00) |   0.0(  0.0) |   16:29:35 (May14) |  802.9 MB | PBS_Generic-Postgen HBO Optimizations
--------------------+---------------------+--------------+--------------------+-----------+----------------------
 00:00:25(00:00:29) |  00:00:01(00:00:00) |   5.2(  0.0) |   16:29:35 (May14) |  802.9 MB | PBS_TechMap-Start
--------------------+---------------------+--------------+--------------------+-----------+----------------------
 00:00:25(00:00:29) |  00:00:00(00:00:00) |   0.0(  0.0) |   16:29:35 (May14) |  802.9 MB | PBS_TechMap-Premap HBO Optimizations
--------------------+---------------------+--------------+--------------------+-----------+----------------------
 00:00:28(00:00:33) |  00:00:02(00:00:04) |  14.6( 20.0) |   16:29:39 (May14) |  802.9 MB | PBS_Techmap-Global Mapping
--------------------+---------------------+--------------+--------------------+-----------+----------------------
 00:00:29(00:00:34) |  00:00:01(00:00:01) |   5.2(  5.0) |   16:29:40 (May14) |  787.7 MB | PBS_TechMap-Datapath Postmap Operations
--------------------+---------------------+--------------+--------------------+-----------+----------------------
 00:00:29(00:00:34) |  00:00:00(00:00:00) |  -0.1(  0.0) |   16:29:40 (May14) |  787.7 MB | PBS_TechMap-Postmap HBO Optimizations
--------------------+---------------------+--------------+--------------------+-----------+----------------------
Number of threads: 8 * 1   (id: pbs_debug, time_info v1.57)
Info: (*N*) indicates data that was populated from previously saved time_info database
Info: CPU time includes time of parent + longest thread
 Doing ConstProp on design:ECC_Cache_System ... 

Time taken by ConstProp Step: 00:00:00
PBS_TechMap-Postmap Clock Gating - Elapsed_Time 0, CPU_Time 0.0
stamp 'PBS_TechMap-Postmap Clock Gating' being created for table 'pbs_debug'

  Total Time (Wall) |  Stage Time (Wall)  |   % (Wall)   |    Date - Time     |  Memory   | Stage
--------------------+---------------------+--------------+--------------------+-----------+----------------------
 00:00:10(00:00:14) |  00:00:00(00:00:00) |   0.0(  0.0) |   16:29:20 (May14) |  455.7 MB | PBS_Generic-Start
--------------------+---------------------+--------------+--------------------+-----------+----------------------
 00:00:24(00:00:29) |  00:00:14(00:00:15) |  75.2( 75.0) |   16:29:35 (May14) |  802.9 MB | PBS_Generic_Opt-Post
--------------------+---------------------+--------------+--------------------+-----------+----------------------
 00:00:24(00:00:29) |  00:00:00(00:00:00) |   0.0(  0.0) |   16:29:35 (May14) |  802.9 MB | PBS_Generic-Postgen HBO Optimizations
--------------------+---------------------+--------------+--------------------+-----------+----------------------
 00:00:25(00:00:29) |  00:00:01(00:00:00) |   5.2(  0.0) |   16:29:35 (May14) |  802.9 MB | PBS_TechMap-Start
--------------------+---------------------+--------------+--------------------+-----------+----------------------
 00:00:25(00:00:29) |  00:00:00(00:00:00) |   0.0(  0.0) |   16:29:35 (May14) |  802.9 MB | PBS_TechMap-Premap HBO Optimizations
--------------------+---------------------+--------------+--------------------+-----------+----------------------
 00:00:28(00:00:33) |  00:00:02(00:00:04) |  14.6( 20.0) |   16:29:39 (May14) |  802.9 MB | PBS_Techmap-Global Mapping
--------------------+---------------------+--------------+--------------------+-----------+----------------------
 00:00:29(00:00:34) |  00:00:01(00:00:01) |   5.2(  5.0) |   16:29:40 (May14) |  787.7 MB | PBS_TechMap-Datapath Postmap Operations
--------------------+---------------------+--------------+--------------------+-----------+----------------------
 00:00:29(00:00:34) |  00:00:00(00:00:00) |  -0.1(  0.0) |   16:29:40 (May14) |  787.7 MB | PBS_TechMap-Postmap HBO Optimizations
--------------------+---------------------+--------------+--------------------+-----------+----------------------
 00:00:29(00:00:34) |  00:00:00(00:00:00) |   0.0(  0.0) |   16:29:40 (May14) |  787.7 MB | PBS_TechMap-Postmap Clock Gating
--------------------+---------------------+--------------+--------------------+-----------+----------------------
Number of threads: 8 * 1   (id: pbs_debug, time_info v1.57)
Info: (*N*) indicates data that was populated from previously saved time_info database
Info: CPU time includes time of parent + longest thread
-------------------------------------------------------------------------------
 hi_fo_buf                  4634        0         0         0        0

           Trick     Calls     Accepts   Attempts    Time(secs) 
-----------------------------------------------------------
       hi_fo_buf         0  (        0 /        0 )  0.00

 
Incremental optimization status
===============================
                                   Group   
                                  Tot Wrst     Total - - DRC Totals - -
                           Total  Weighted      Neg      Max       Max 
Operation                   Area   Slacks      Slack    Trans      Cap 
 init_delay                 4634        0         0         0        0

           Trick     Calls     Accepts   Attempts    Time(secs) 
-----------------------------------------------------------
       crit_upsz         0  (        0 /        0 )  0.00
    plc_bal_star         0  (        0 /        0 )  0.00
     drc_buftimb         0  (        0 /        0 )  0.00
          plc_st         0  (        0 /        0 )  0.00
    plc_st_fence         0  (        0 /        0 )  0.00
        plc_star         0  (        0 /        0 )  0.00
      plc_laf_st         0  (        0 /        0 )  0.00
 plc_laf_st_fence         0  (        0 /        0 )  0.00
     drc_buftims         0  (        0 /        0 )  0.00
            fopt         0  (        0 /        0 )  0.00
   plc_laf_lo_st         0  (        0 /        0 )  0.00
       plc_lo_st         0  (        0 /        0 )  0.00
        mb_split         0  (        0 /        0 )  0.00

 
Local TNS optimization status
=============================
                                   Group   
                                  Tot Wrst     Total - - DRC Totals - -
                           Total  Weighted      Neg      Max       Max 
Operation                   Area   Slacks      Slack    Trans      Cap 
 init_tns                   4634        0         0         0        0

           Trick     Calls     Accepts   Attempts    Time(secs) 
-----------------------------------------------------------
    plc_bal_star         0  (        0 /        0 )  0.00
     drc_buftimb         0  (        0 /        0 )  0.00
     drc_buftims         0  (        0 /        0 )  0.00
       crit_upsz         0  (        0 /        0 )  0.00
   plc_laf_lo_st         0  (        0 /        0 )  0.00
       plc_lo_st         0  (        0 /        0 )  0.00
            fopt         0  (        0 /        0 )  0.00
       crit_dnsz         0  (        0 /        0 )  0.00
             dup         0  (        0 /        0 )  0.00
        setup_dn         0  (        0 /        0 )  0.00
        mb_split         0  (        0 /        0 )  0.00

PBS_TechMap-Postmap Cleanup - Elapsed_Time 0, CPU_Time -0.012263999999998276
stamp 'PBS_TechMap-Postmap Cleanup' being created for table 'pbs_debug'

  Total Time (Wall) |  Stage Time (Wall)  |   % (Wall)   |    Date - Time     |  Memory   | Stage
--------------------+---------------------+--------------+--------------------+-----------+----------------------
 00:00:10(00:00:14) |  00:00:00(00:00:00) |   0.0(  0.0) |   16:29:20 (May14) |  455.7 MB | PBS_Generic-Start
--------------------+---------------------+--------------+--------------------+-----------+----------------------
 00:00:24(00:00:29) |  00:00:14(00:00:15) |  75.2( 75.0) |   16:29:35 (May14) |  802.9 MB | PBS_Generic_Opt-Post
--------------------+---------------------+--------------+--------------------+-----------+----------------------
 00:00:24(00:00:29) |  00:00:00(00:00:00) |   0.0(  0.0) |   16:29:35 (May14) |  802.9 MB | PBS_Generic-Postgen HBO Optimizations
--------------------+---------------------+--------------+--------------------+-----------+----------------------
 00:00:25(00:00:29) |  00:00:01(00:00:00) |   5.2(  0.0) |   16:29:35 (May14) |  802.9 MB | PBS_TechMap-Start
--------------------+---------------------+--------------+--------------------+-----------+----------------------
 00:00:25(00:00:29) |  00:00:00(00:00:00) |   0.0(  0.0) |   16:29:35 (May14) |  802.9 MB | PBS_TechMap-Premap HBO Optimizations
--------------------+---------------------+--------------+--------------------+-----------+----------------------
 00:00:28(00:00:33) |  00:00:02(00:00:04) |  14.6( 20.0) |   16:29:39 (May14) |  802.9 MB | PBS_Techmap-Global Mapping
--------------------+---------------------+--------------+--------------------+-----------+----------------------
 00:00:29(00:00:34) |  00:00:01(00:00:01) |   5.2(  5.0) |   16:29:40 (May14) |  787.7 MB | PBS_TechMap-Datapath Postmap Operations
--------------------+---------------------+--------------+--------------------+-----------+----------------------
 00:00:29(00:00:34) |  00:00:00(00:00:00) |  -0.1(  0.0) |   16:29:40 (May14) |  787.7 MB | PBS_TechMap-Postmap HBO Optimizations
--------------------+---------------------+--------------+--------------------+-----------+----------------------
 00:00:29(00:00:34) |  00:00:00(00:00:00) |   0.0(  0.0) |   16:29:40 (May14) |  787.7 MB | PBS_TechMap-Postmap Clock Gating
--------------------+---------------------+--------------+--------------------+-----------+----------------------
 00:00:29(00:00:34) |  00:00:00(00:00:00) |  -0.1(  0.0) |   16:29:40 (May14) |  787.7 MB | PBS_TechMap-Postmap Cleanup
--------------------+---------------------+--------------+--------------------+-----------+----------------------
Number of threads: 8 * 1   (id: pbs_debug, time_info v1.57)
Info: (*N*) indicates data that was populated from previously saved time_info database
Info: CPU time includes time of parent + longest thread
PBS_Techmap-Post_MBCI - Elapsed_Time 0, CPU_Time 0.0
stamp 'PBS_Techmap-Post_MBCI' being created for table 'pbs_debug'

  Total Time (Wall) |  Stage Time (Wall)  |   % (Wall)   |    Date - Time     |  Memory   | Stage
--------------------+---------------------+--------------+--------------------+-----------+----------------------
 00:00:10(00:00:14) |  00:00:00(00:00:00) |   0.0(  0.0) |   16:29:20 (May14) |  455.7 MB | PBS_Generic-Start
--------------------+---------------------+--------------+--------------------+-----------+----------------------
 00:00:24(00:00:29) |  00:00:14(00:00:15) |  75.2( 75.0) |   16:29:35 (May14) |  802.9 MB | PBS_Generic_Opt-Post
--------------------+---------------------+--------------+--------------------+-----------+----------------------
 00:00:24(00:00:29) |  00:00:00(00:00:00) |   0.0(  0.0) |   16:29:35 (May14) |  802.9 MB | PBS_Generic-Postgen HBO Optimizations
--------------------+---------------------+--------------+--------------------+-----------+----------------------
 00:00:25(00:00:29) |  00:00:01(00:00:00) |   5.2(  0.0) |   16:29:35 (May14) |  802.9 MB | PBS_TechMap-Start
--------------------+---------------------+--------------+--------------------+-----------+----------------------
 00:00:25(00:00:29) |  00:00:00(00:00:00) |   0.0(  0.0) |   16:29:35 (May14) |  802.9 MB | PBS_TechMap-Premap HBO Optimizations
--------------------+---------------------+--------------+--------------------+-----------+----------------------
 00:00:28(00:00:33) |  00:00:02(00:00:04) |  14.6( 20.0) |   16:29:39 (May14) |  802.9 MB | PBS_Techmap-Global Mapping
--------------------+---------------------+--------------+--------------------+-----------+----------------------
 00:00:29(00:00:34) |  00:00:01(00:00:01) |   5.2(  5.0) |   16:29:40 (May14) |  787.7 MB | PBS_TechMap-Datapath Postmap Operations
--------------------+---------------------+--------------+--------------------+-----------+----------------------
 00:00:29(00:00:34) |  00:00:00(00:00:00) |  -0.1(  0.0) |   16:29:40 (May14) |  787.7 MB | PBS_TechMap-Postmap HBO Optimizations
--------------------+---------------------+--------------+--------------------+-----------+----------------------
 00:00:29(00:00:34) |  00:00:00(00:00:00) |   0.0(  0.0) |   16:29:40 (May14) |  787.7 MB | PBS_TechMap-Postmap Clock Gating
--------------------+---------------------+--------------+--------------------+-----------+----------------------
 00:00:29(00:00:34) |  00:00:00(00:00:00) |  -0.1(  0.0) |   16:29:40 (May14) |  787.7 MB | PBS_TechMap-Postmap Cleanup
--------------------+---------------------+--------------+--------------------+-----------+----------------------
 00:00:29(00:00:34) |  00:00:00(00:00:00) |   0.0(  0.0) |   16:29:40 (May14) |  787.7 MB | PBS_Techmap-Post_MBCI
--------------------+---------------------+--------------+--------------------+-----------+----------------------
Number of threads: 8 * 1   (id: pbs_debug, time_info v1.57)
Info: (*N*) indicates data that was populated from previously saved time_info database
Info: CPU time includes time of parent + longest thread
##>=================== Cadence Confidential (Mapping-Logical) ===================
##>Main Thread Summary:
##>----------------------------------------------------------------------------------------
##>STEP                           Elapsed       WNS       TNS     Insts      Area    Memory
##>----------------------------------------------------------------------------------------
##>M:Initial                            0         -         -      1480      5623       802
##>M:Pre Cleanup                        0         -         -      1480      5623       802
##>M:Setup                              0         -         -         -         -         -
##>M:Launch ST                          0         -         -         -         -         -
##>M:Design Partition                   0         -         -         -         -         -
##>M:Create Partition Netlists          0         -         -         -         -         -
##>M:Init Power                         0         -         -         -         -         -
##>M:Budgeting                          0         -         -         -         -         -
##>M:Derenv-DB                          0         -         -         -         -         -
##>M:Debug Outputs                      0         -         -         -         -         -
##>M:ST loading                         0         -         -         -         -         -
##>M:Distributed                        0         -         -         -         -         -
##>M:Timer                              0         -         -         -         -         -
##>M:Assembly                           0         -         -         -         -         -
##>M:DFT                                0         -         -         -         -         -
##>M:DP Operations                      1         -         -       767      3666       787
##>M:Const Prop                         0      4470         0       767      3666       787
##>M:Cleanup                            0      4470         0       767      3666       787
##>M:MBCI                               0         -         -       767      3666       787
##>M:Const Gate Removal                 0         -         -         -         -         -
##>M:Misc                               4
##>----------------------------------------------------------------------------------------
##>Total Elapsed                        5
##>========================================================================================
Info    : Done mapping. [SYNTH-5]
        : Done mapping 'ECC_Cache_System'.
      flow.cputime  flow.realtime  timing.setup.tns  timing.setup.wns  snapshot
UM:*                                                                   syn_map
@file(run.tcl) 10: syn_opt
Current PLE settings:

Aspect ratio        : 1.000
Shrink factor       : 1.000
Scale of res/length : 1.000
Scale of cap/length : 1.000
Net derating factor : 1.000
Thermal factor      : 1.000
Via Resistance      : 4.416 ohm (from lef_library)
Site size           : 1.910 um (from lef [tech+cell])

                                   Capacitance  
  Layer                             / Length         Data source:
Name        Direction Utilization  (pF/micron)       lef_library
------------------------------------------------
Metal1          H         0.00        0.000412  
Metal2          V         1.00        0.000414  
Metal3          H         1.00        0.000414  
Metal4          V         1.00        0.000414  
Metal5          H         1.00        0.000414  
Metal6          V         1.00        0.000414  
Metal7          H         1.00        0.000414  
Metal8          V         1.00        0.000414  
Metal9          H         1.00        0.000414  

                                    Resistance   
  Layer                              / Length         Data source:
Name        Direction Utilization  (ohm/micron)       lef_library
-------------------------------------------------
Metal1          H         0.00         3.000000  
Metal2          V         1.00         2.428571  
Metal3          H         1.00         2.428571  
Metal4          V         1.00         2.428571  
Metal5          H         1.00         2.428571  
Metal6          V         1.00         2.428571  
Metal7          H         1.00         2.428571  
Metal8          V         1.00         2.428571  
Metal9          H         1.00         0.285714  

                                        Area     
  Layer                               / Length        Data source:
Name        Direction Utilization     (micron)        lef_library
-------------------------------------------------
Metal1          H         0.00         0.060000  
Metal2          V         1.00         0.070000  
Metal3          H         1.00         0.070000  
Metal4          V         1.00         0.070000  
Metal5          H         1.00         0.070000  
Metal6          V         1.00         0.070000  
Metal7          H         1.00         0.070000  
Metal8          V         1.00         0.070000  
Metal9          H         1.00         0.070000  

Info    : Incrementally optimizing. [SYNTH-7]
        : Incrementally optimizing 'ECC_Cache_System' using 'high' effort.
 
Incremental optimization status
===============================
                                   Group   
                                  Tot Wrst     Total - - DRC Totals - -
                           Total  Weighted      Neg      Max       Max 
Operation                   Area   Slacks      Slack    Trans      Cap 
 init_iopt                  4634        0         0         0        0
-------------------------------------------------------------------------------
 const_prop                 4634        0         0         0        0
 simp_cc_inputs             4634        0         0         0        0
-------------------------------------------------------------------------------
 hi_fo_buf                  4634        0         0         0        0

           Trick     Calls     Accepts   Attempts    Time(secs) 
-----------------------------------------------------------
       hi_fo_buf         0  (        0 /        0 )  0.00

 
Incremental optimization status
===============================
                                   Group   
                                  Tot Wrst     Total - - DRC Totals - -
                           Total  Weighted      Neg      Max       Max 
Operation                   Area   Slacks      Slack    Trans      Cap 
 init_delay                 4634        0         0         0        0

           Trick     Calls     Accepts   Attempts    Time(secs) 
-----------------------------------------------------------
        crit_msz         0  (        0 /        0 )  0.00
       crit_upsz         0  (        0 /        0 )  0.00
       crit_slew         0  (        0 /        0 )  0.00
        setup_dn         0  (        0 /        0 )  0.00
    plc_bal_star         0  (        0 /        0 )  0.00
     drc_buftimb         0  (        0 /        0 )  0.00
          plc_st         0  (        0 /        0 )  0.00
    plc_st_fence         0  (        0 /        0 )  0.00
        plc_star         0  (        0 /        0 )  0.00
      plc_laf_st         0  (        0 /        0 )  0.00
 plc_laf_st_fence         0  (        0 /        0 )  0.00
     drc_buftims         0  (        0 /        0 )  0.00
   plc_laf_lo_st         0  (        0 /        0 )  0.00
       plc_lo_st         0  (        0 /        0 )  0.00
            fopt         0  (        0 /        0 )  0.00
       crit_swap         0  (        0 /        0 )  0.00
       mux2_swap         0  (        0 /        0 )  0.00
       crit_dnsz         0  (        0 /        0 )  0.00
       load_swap         0  (        0 /        0 )  0.00
            fopt         0  (        0 /        0 )  0.00
        setup_dn         0  (        0 /        0 )  0.00
       load_isol         0  (        0 /        0 )  0.00
       load_isol         0  (        0 /        0 )  0.00
        move_for         0  (        0 /        0 )  0.00
        move_for         0  (        0 /        0 )  0.00
          rem_bi         0  (        0 /        0 )  0.00
         offload         0  (        0 /        0 )  0.00
          rem_bi         0  (        0 /        0 )  0.00
         offload         0  (        0 /        0 )  0.00
           phase         0  (        0 /        0 )  0.00
        in_phase         0  (        0 /        0 )  0.00
       merge_bit         0  (        0 /        0 )  0.00
     merge_idrvr         0  (        0 /        0 )  0.00
     merge_iload         0  (        0 /        0 )  0.00
    merge_idload         0  (        0 /        0 )  0.00
      merge_drvr         0  (        0 /        0 )  0.00
      merge_load         0  (        0 /        0 )  0.00
          decomp         0  (        0 /        0 )  0.00
        p_decomp         0  (        0 /        0 )  0.00
        levelize         0  (        0 /        0 )  0.00
        mb_split         0  (        0 /        0 )  0.00
             dup         0  (        0 /        0 )  0.00
      mux_retime         0  (        0 /        0 )  0.00
         buf2inv         0  (        0 /        0 )  0.00
             exp         0  (        0 /        0 )  0.00
       gate_deco         0  (        0 /        0 )  0.00
       gcomp_tim         0  (        0 /        0 )  0.00
  inv_pair_2_buf         0  (        0 /        0 )  0.00


           Trick     Calls     Accepts   Attempts    Time(secs) 
-----------------------------------------------------------
         crr_220         0  (        0 /        0 )  0.00
        crr_glob         0  (        0 /        0 )  0.00
         crr_200         0  (        0 /        0 )  0.00
        crr_glob         0  (        0 /        0 )  0.00
         crr_300         0  (        0 /        0 )  0.00
        crr_glob         0  (        0 /        0 )  0.00
         crr_400         0  (        0 /        0 )  0.00
        crr_glob         0  (        0 /        0 )  0.00
         crr_111         0  (        0 /        0 )  0.00
        crr_glob         0  (        0 /        0 )  0.00
         crr_210         0  (        0 /        0 )  0.00
        crr_glob         0  (        0 /        0 )  0.00
         crr_110         0  (        0 /        0 )  0.00
        crr_glob         0  (        0 /        0 )  0.00
         crr_101         0  (        0 /        0 )  0.00
        crr_glob         0  (        0 /        0 )  0.00
         crr_201         0  (        0 /        0 )  0.00
        crr_glob         0  (        0 /        0 )  0.00
         crr_211         0  (        0 /        0 )  0.00
        crr_glob         0  (        0 /        0 )  0.00
        crit_msz         0  (        0 /        0 )  0.00
       crit_upsz         0  (        0 /        0 )  0.00
       crit_slew         0  (        0 /        0 )  0.00
        setup_dn         0  (        0 /        0 )  0.00
    plc_bal_star         0  (        0 /        0 )  0.00
     drc_buftimb         0  (        0 /        0 )  0.00
          plc_st         0  (        0 /        0 )  0.00
    plc_st_fence         0  (        0 /        0 )  0.00
        plc_star         0  (        0 /        0 )  0.00
      plc_laf_st         0  (        0 /        0 )  0.00
 plc_laf_st_fence         0  (        0 /        0 )  0.00
     drc_buftims         0  (        0 /        0 )  0.00
       plc_lo_st         0  (        0 /        0 )  0.00
            fopt         0  (        0 /        0 )  0.00
       crit_swap         0  (        0 /        0 )  0.00
       mux2_swap         0  (        0 /        0 )  0.00
       crit_dnsz         0  (        0 /        0 )  0.00
       load_swap         0  (        0 /        0 )  0.00
            fopt         0  (        0 /        0 )  0.00
        setup_dn         0  (        0 /        0 )  0.00
       load_isol         0  (        0 /        0 )  0.00
       load_isol         0  (        0 /        0 )  0.00
        move_for         0  (        0 /        0 )  0.00
        move_for         0  (        0 /        0 )  0.00
          rem_bi         0  (        0 /        0 )  0.00
         offload         0  (        0 /        0 )  0.00
          rem_bi         0  (        0 /        0 )  0.00
         offload         0  (        0 /        0 )  0.00
       merge_bit         0  (        0 /        0 )  0.00
     merge_idrvr         0  (        0 /        0 )  0.00
     merge_iload         0  (        0 /        0 )  0.00
    merge_idload         0  (        0 /        0 )  0.00
      merge_drvr         0  (        0 /        0 )  0.00
      merge_load         0  (        0 /        0 )  0.00
           phase         0  (        0 /        0 )  0.00
          decomp         0  (        0 /        0 )  0.00
        p_decomp         0  (        0 /        0 )  0.00
        levelize         0  (        0 /        0 )  0.00
        mb_split         0  (        0 /        0 )  0.00
        in_phase         0  (        0 /        0 )  0.00
             dup         0  (        0 /        0 )  0.00
      mux_retime         0  (        0 /        0 )  0.00
         buf2inv         0  (        0 /        0 )  0.00
             exp         0  (        0 /        0 )  0.00
       gate_deco         0  (        0 /        0 )  0.00
       gcomp_tim         0  (        0 /        0 )  0.00
  inv_pair_2_buf         0  (        0 /        0 )  0.00
 init_drc                   4634        0         0         0        0

           Trick     Calls     Accepts   Attempts    Time(secs) 
-----------------------------------------------------------
          plc_st         0  (        0 /        0 )  0.00
        plc_star         0  (        0 /        0 )  0.00
        drc_bufs         0  (        0 /        0 )  0.00
        drc_fopt         0  (        0 /        0 )  0.00
        drc_bufb         0  (        0 /        0 )  0.00
      simple_buf         0  (        0 /        0 )  0.00
             dup         0  (        0 /        0 )  0.00
       crit_dnsz         0  (        0 /        0 )  0.00
       crit_upsz         0  (        0 /        0 )  0.00
       crit_slew         0  (        0 /        0 )  0.00


           Trick     Calls     Accepts   Attempts    Time(secs) 
-----------------------------------------------------------
          plc_st         0  (        0 /        0 )  0.00
        plc_star         0  (        0 /        0 )  0.00
      drc_buf_sp         0  (        0 /        0 )  0.00
        drc_bufs         0  (        0 /        0 )  0.00
        drc_fopt         0  (        0 /        0 )  0.00
        drc_bufb         0  (        0 /        0 )  0.00
      simple_buf         0  (        0 /        0 )  0.00
             dup         0  (        0 /        0 )  0.00
       crit_dnsz         0  (        0 /        0 )  0.00
       crit_upsz         0  (        0 /        0 )  0.00


           Trick     Calls     Accepts   Attempts    Time(secs) 
-----------------------------------------------------------
          plc_st         0  (        0 /        0 )  0.00
        plc_star         0  (        0 /        0 )  0.00
      drc_buf_sp         0  (        0 /        0 )  0.00
        drc_bufs         0  (        0 /        0 )  0.00
        drc_fopt         0  (        0 /        0 )  0.00
        drc_bufb         0  (        0 /        0 )  0.00
             dup         0  (        0 /        0 )  0.00
       crit_dnsz         0  (        0 /        0 )  0.00
       crit_upsz         0  (        0 /        0 )  0.00

 init_tns                   4634        0         0         0        0

           Trick     Calls     Accepts   Attempts    Time(secs) 
-----------------------------------------------------------
            fopt         0  (        0 /        0 )  0.00
    plc_bal_star         0  (        0 /        0 )  0.00
     drc_buftimb         0  (        0 /        0 )  0.00
     drc_buftims         0  (        0 /        0 )  0.00
        crit_msz         0  (        0 /        0 )  0.00
       crit_upsz         0  (        0 /        0 )  0.00
   plc_laf_lo_st         0  (        0 /        0 )  0.00
       plc_lo_st         0  (        0 /        0 )  0.00
       crit_swap         0  (        0 /        0 )  0.00
       mux2_swap         0  (        0 /        0 )  0.00
       crit_dnsz         0  (        0 /        0 )  0.00
       load_swap         0  (        0 /        0 )  0.00
            fopt         0  (        0 /        0 )  0.00
        setup_dn         0  (        0 /        0 )  0.00
       load_isol         0  (        0 /        0 )  0.00
       load_isol         0  (        0 /        0 )  0.00
        move_for         0  (        0 /        0 )  0.00
        move_for         0  (        0 /        0 )  0.00
          rem_bi         0  (        0 /        0 )  0.00
         offload         0  (        0 /        0 )  0.00
          rem_bi         0  (        0 /        0 )  0.00
         offload         0  (        0 /        0 )  0.00
       merge_bit         0  (        0 /        0 )  0.00
     merge_idrvr         0  (        0 /        0 )  0.00
     merge_iload         0  (        0 /        0 )  0.00
    merge_idload         0  (        0 /        0 )  0.00
      merge_drvr         0  (        0 /        0 )  0.00
      merge_load         0  (        0 /        0 )  0.00
           phase         0  (        0 /        0 )  0.00
          decomp         0  (        0 /        0 )  0.00
        p_decomp         0  (        0 /        0 )  0.00
        levelize         0  (        0 /        0 )  0.00
        mb_split         0  (        0 /        0 )  0.00
             dup         0  (        0 /        0 )  0.00
      mux_retime         0  (        0 /        0 )  0.00
       crr_local         0  (        0 /        0 )  0.00
         buf2inv         0  (        0 /        0 )  0.00

 init_area                  4634        0         0         0        0
 io_phase                   4631        0         0         0        0
 glob_area                  4617        0         0         0        0
 area_down                  4607        0         0         0        0

           Trick     Calls     Accepts   Attempts    Time(secs) 
-----------------------------------------------------------
           undup         0  (        0 /        0 )  0.00
         rem_buf         0  (        0 /        0 )  0.00
         rem_inv         0  (        0 /        0 )  0.00
        merge_bi         0  (        0 /        0 )  0.00
      rem_inv_qb         0  (        0 /        0 )  0.00
    seq_res_area         4  (        0 /        0 )  2.39
        io_phase         6  (        4 /        4 )  0.01
       gate_comp       125  (        0 /        0 )  0.23
       gcomp_mog         0  (        0 /        0 )  0.01
       glob_area        28  (       22 /       28 )  0.04
       area_down        15  (        5 /        5 )  0.08
      size_n_buf         0  (        0 /        0 )  0.01
  gate_deco_area         0  (        0 /        0 )  0.00
         rem_buf         0  (        0 /        0 )  0.00
         rem_inv         0  (        0 /        0 )  0.00
        merge_bi         0  (        0 /        0 )  0.00
      rem_inv_qb         0  (        0 /        0 )  0.00

 
Incremental optimization status
===============================
                                   Group   
                                  Tot Wrst     Total - - DRC Totals - -
                           Total  Weighted      Neg      Max       Max 
Operation                   Area   Slacks      Slack    Trans      Cap 
 init_delay                 4607        0         0         0        0

           Trick     Calls     Accepts   Attempts    Time(secs) 
-----------------------------------------------------------
         crr_220         0  (        0 /        0 )  0.00
        crr_glob         0  (        0 /        0 )  0.00
         crr_200         0  (        0 /        0 )  0.00
        crr_glob         0  (        0 /        0 )  0.00
         crr_300         0  (        0 /        0 )  0.00
        crr_glob         0  (        0 /        0 )  0.00
         crr_400         0  (        0 /        0 )  0.00
        crr_glob         0  (        0 /        0 )  0.00
         crr_111         0  (        0 /        0 )  0.00
        crr_glob         0  (        0 /        0 )  0.00
         crr_210         0  (        0 /        0 )  0.00
        crr_glob         0  (        0 /        0 )  0.00
         crr_110         0  (        0 /        0 )  0.00
        crr_glob         0  (        0 /        0 )  0.00
         crr_101         0  (        0 /        0 )  0.00
        crr_glob         0  (        0 /        0 )  0.00
         crr_201         0  (        0 /        0 )  0.00
        crr_glob         0  (        0 /        0 )  0.00
         crr_211         0  (        0 /        0 )  0.00
        crr_glob         0  (        0 /        0 )  0.00
        crit_msz         0  (        0 /        0 )  0.00
       crit_upsz         0  (        0 /        0 )  0.00
       crit_slew         0  (        0 /        0 )  0.00
        setup_dn         0  (        0 /        0 )  0.00
    plc_bal_star         0  (        0 /        0 )  0.00
     drc_buftimb         0  (        0 /        0 )  0.00
          plc_st         0  (        0 /        0 )  0.00
    plc_st_fence         0  (        0 /        0 )  0.00
        plc_star         0  (        0 /        0 )  0.00
      plc_laf_st         0  (        0 /        0 )  0.00
 plc_laf_st_fence         0  (        0 /        0 )  0.00
     drc_buftims         0  (        0 /        0 )  0.00
       plc_lo_st         0  (        0 /        0 )  0.00
            fopt         0  (        0 /        0 )  0.00
       crit_swap         0  (        0 /        0 )  0.00
       mux2_swap         0  (        0 /        0 )  0.00
       crit_dnsz         0  (        0 /        0 )  0.00
       load_swap         0  (        0 /        0 )  0.00
            fopt         0  (        0 /        0 )  0.00
        setup_dn         0  (        0 /        0 )  0.00
       load_isol         0  (        0 /        0 )  0.00
       load_isol         0  (        0 /        0 )  0.00
        move_for         0  (        0 /        0 )  0.00
        move_for         0  (        0 /        0 )  0.00
          rem_bi         0  (        0 /        0 )  0.00
         offload         0  (        0 /        0 )  0.00
          rem_bi         0  (        0 /        0 )  0.00
         offload         0  (        0 /        0 )  0.00
       merge_bit         0  (        0 /        0 )  0.00
     merge_idrvr         0  (        0 /        0 )  0.00
     merge_iload         0  (        0 /        0 )  0.00
    merge_idload         0  (        0 /        0 )  0.00
      merge_drvr         0  (        0 /        0 )  0.00
      merge_load         0  (        0 /        0 )  0.00
           phase         0  (        0 /        0 )  0.00
          decomp         0  (        0 /        0 )  0.00
        p_decomp         0  (        0 /        0 )  0.00
        levelize         0  (        0 /        0 )  0.00
        mb_split         0  (        0 /        0 )  0.00
        in_phase         0  (        0 /        0 )  0.00
             dup         0  (        0 /        0 )  0.00
      mux_retime         0  (        0 /        0 )  0.00
         buf2inv         0  (        0 /        0 )  0.00
             exp         0  (        0 /        0 )  0.00
       gate_deco         0  (        0 /        0 )  0.00
       gcomp_tim         0  (        0 /        0 )  0.00
  inv_pair_2_buf         0  (        0 /        0 )  0.00
 init_drc                   4607        0         0         0        0

           Trick     Calls     Accepts   Attempts    Time(secs) 
-----------------------------------------------------------
          plc_st         0  (        0 /        0 )  0.00
        plc_star         0  (        0 /        0 )  0.00
        drc_bufs         0  (        0 /        0 )  0.00
        drc_fopt         0  (        0 /        0 )  0.00
        drc_bufb         0  (        0 /        0 )  0.00
      simple_buf         0  (        0 /        0 )  0.00
             dup         0  (        0 /        0 )  0.00
       crit_dnsz         0  (        0 /        0 )  0.00
       crit_upsz         0  (        0 /        0 )  0.00
       crit_slew         0  (        0 /        0 )  0.00


           Trick     Calls     Accepts   Attempts    Time(secs) 
-----------------------------------------------------------
          plc_st         0  (        0 /        0 )  0.00
        plc_star         0  (        0 /        0 )  0.00
        drc_bufs         0  (        0 /        0 )  0.00
        drc_fopt         0  (        0 /        0 )  0.00
        drc_bufb         0  (        0 /        0 )  0.00
      simple_buf         0  (        0 /        0 )  0.00
             dup         0  (        0 /        0 )  0.00
       crit_dnsz         0  (        0 /        0 )  0.00
       crit_upsz         0  (        0 /        0 )  0.00


           Trick     Calls     Accepts   Attempts    Time(secs) 
-----------------------------------------------------------
          plc_st         0  (        0 /        0 )  0.00
        plc_star         0  (        0 /        0 )  0.00
        drc_bufs         0  (        0 /        0 )  0.00
        drc_fopt         0  (        0 /        0 )  0.00
        drc_bufb         0  (        0 /        0 )  0.00
             dup         0  (        0 /        0 )  0.00
       crit_dnsz         0  (        0 /        0 )  0.00
       crit_upsz         0  (        0 /        0 )  0.00

 init_tns                   4607        0         0         0        0

           Trick     Calls     Accepts   Attempts    Time(secs) 
-----------------------------------------------------------
            fopt         0  (        0 /        0 )  0.00
    plc_bal_star         0  (        0 /        0 )  0.00
     drc_buftimb         0  (        0 /        0 )  0.00
     drc_buftims         0  (        0 /        0 )  0.00
        crit_msz         0  (        0 /        0 )  0.00
       crit_upsz         0  (        0 /        0 )  0.00
   plc_laf_lo_st         0  (        0 /        0 )  0.00
       plc_lo_st         0  (        0 /        0 )  0.00
       crit_swap         0  (        0 /        0 )  0.00
       mux2_swap         0  (        0 /        0 )  0.00
       crit_dnsz         0  (        0 /        0 )  0.00
       load_swap         0  (        0 /        0 )  0.00
            fopt         0  (        0 /        0 )  0.00
        setup_dn         0  (        0 /        0 )  0.00
       load_isol         0  (        0 /        0 )  0.00
       load_isol         0  (        0 /        0 )  0.00
        move_for         0  (        0 /        0 )  0.00
        move_for         0  (        0 /        0 )  0.00
          rem_bi         0  (        0 /        0 )  0.00
         offload         0  (        0 /        0 )  0.00
          rem_bi         0  (        0 /        0 )  0.00
         offload         0  (        0 /        0 )  0.00
       merge_bit         0  (        0 /        0 )  0.00
     merge_idrvr         0  (        0 /        0 )  0.00
     merge_iload         0  (        0 /        0 )  0.00
    merge_idload         0  (        0 /        0 )  0.00
      merge_drvr         0  (        0 /        0 )  0.00
      merge_load         0  (        0 /        0 )  0.00
           phase         0  (        0 /        0 )  0.00
          decomp         0  (        0 /        0 )  0.00
        p_decomp         0  (        0 /        0 )  0.00
        levelize         0  (        0 /        0 )  0.00
        mb_split         0  (        0 /        0 )  0.00
             dup         0  (        0 /        0 )  0.00
      mux_retime         0  (        0 /        0 )  0.00
       crr_local         0  (        0 /        0 )  0.00
         buf2inv         0  (        0 /        0 )  0.00

 init_area                  4607        0         0         0        0
 io_phase                   4606        0         0         0        0

           Trick     Calls     Accepts   Attempts    Time(secs) 
-----------------------------------------------------------
           undup         0  (        0 /        0 )  0.00
         rem_buf         0  (        0 /        0 )  0.00
         rem_inv         0  (        0 /        0 )  0.00
        merge_bi         0  (        0 /        0 )  0.00
      rem_inv_qb         0  (        0 /        0 )  0.00
        io_phase         2  (        1 /        1 )  0.01
       gate_comp       125  (        0 /        0 )  0.23
       gcomp_mog         0  (        0 /        0 )  0.02
       glob_area        17  (        0 /       17 )  0.01
       area_down        15  (        0 /        0 )  0.06
      size_n_buf         0  (        0 /        0 )  0.00
  gate_deco_area         0  (        0 /        0 )  0.00

 
Incremental optimization status
===============================
                                   Group   
                                  Tot Wrst     Total - - DRC Totals - -
                           Total  Weighted      Neg      Max       Max 
Operation                   Area   Slacks      Slack    Trans      Cap 
 init_delay                 4606        0         0         0        0

           Trick     Calls     Accepts   Attempts    Time(secs) 
-----------------------------------------------------------
        crit_msz         0  (        0 /        0 )  0.00
       crit_upsz         0  (        0 /        0 )  0.00
       crit_slew         0  (        0 /        0 )  0.00
        setup_dn         0  (        0 /        0 )  0.00
    plc_bal_star         0  (        0 /        0 )  0.00
     drc_buftimb         0  (        0 /        0 )  0.00
          plc_st         0  (        0 /        0 )  0.00
    plc_st_fence         0  (        0 /        0 )  0.00
        plc_star         0  (        0 /        0 )  0.00
      plc_laf_st         0  (        0 /        0 )  0.00
 plc_laf_st_fence         0  (        0 /        0 )  0.00
     drc_buftims         0  (        0 /        0 )  0.00
   plc_laf_lo_st         0  (        0 /        0 )  0.00
       plc_lo_st         0  (        0 /        0 )  0.00
            fopt         0  (        0 /        0 )  0.00
       crit_swap         0  (        0 /        0 )  0.00
       mux2_swap         0  (        0 /        0 )  0.00
       crit_dnsz         0  (        0 /        0 )  0.00
       load_swap         0  (        0 /        0 )  0.00
            fopt         0  (        0 /        0 )  0.00
        setup_dn         0  (        0 /        0 )  0.00
       load_isol         0  (        0 /        0 )  0.00
       load_isol         0  (        0 /        0 )  0.00
        move_for         0  (        0 /        0 )  0.00
        move_for         0  (        0 /        0 )  0.00
          rem_bi         0  (        0 /        0 )  0.00
         offload         0  (        0 /        0 )  0.00
          rem_bi         0  (        0 /        0 )  0.00
         offload         0  (        0 /        0 )  0.00
           phase         0  (        0 /        0 )  0.00
        in_phase         0  (        0 /        0 )  0.00
       merge_bit         0  (        0 /        0 )  0.00
     merge_idrvr         0  (        0 /        0 )  0.00
     merge_iload         0  (        0 /        0 )  0.00
    merge_idload         0  (        0 /        0 )  0.00
      merge_drvr         0  (        0 /        0 )  0.00
      merge_load         0  (        0 /        0 )  0.00
          decomp         0  (        0 /        0 )  0.00
        p_decomp         0  (        0 /        0 )  0.00
        levelize         0  (        0 /        0 )  0.00
        mb_split         0  (        0 /        0 )  0.00
             dup         0  (        0 /        0 )  0.00
      mux_retime         0  (        0 /        0 )  0.00
         buf2inv         0  (        0 /        0 )  0.00
             exp         0  (        0 /        0 )  0.00
       gate_deco         0  (        0 /        0 )  0.00
       gcomp_tim         0  (        0 /        0 )  0.00
  inv_pair_2_buf         0  (        0 /        0 )  0.00

 init_drc                   4606        0         0         0        0

           Trick     Calls     Accepts   Attempts    Time(secs) 
-----------------------------------------------------------
          plc_st         0  (        0 /        0 )  0.00
        plc_star         0  (        0 /        0 )  0.00
        drc_bufs         0  (        0 /        0 )  0.00
        drc_fopt         0  (        0 /        0 )  0.00
        drc_bufb         0  (        0 /        0 )  0.00
      simple_buf         0  (        0 /        0 )  0.00
             dup         0  (        0 /        0 )  0.00
       crit_dnsz         0  (        0 /        0 )  0.00
       crit_upsz         0  (        0 /        0 )  0.00
       crit_slew         0  (        0 /        0 )  0.00


           Trick     Calls     Accepts   Attempts    Time(secs) 
-----------------------------------------------------------
          plc_st         0  (        0 /        0 )  0.00
        plc_star         0  (        0 /        0 )  0.00
        drc_bufs         0  (        0 /        0 )  0.00
        drc_fopt         0  (        0 /        0 )  0.00
        drc_bufb         0  (        0 /        0 )  0.00
      simple_buf         0  (        0 /        0 )  0.00
             dup         0  (        0 /        0 )  0.00
       crit_dnsz         0  (        0 /        0 )  0.00
       crit_upsz         0  (        0 /        0 )  0.00


           Trick     Calls     Accepts   Attempts    Time(secs) 
-----------------------------------------------------------
          plc_st         0  (        0 /        0 )  0.00
        plc_star         0  (        0 /        0 )  0.00
        drc_bufs         0  (        0 /        0 )  0.00
        drc_fopt         0  (        0 /        0 )  0.00
        drc_bufb         0  (        0 /        0 )  0.00
             dup         0  (        0 /        0 )  0.00
       crit_dnsz         0  (        0 /        0 )  0.00
       crit_upsz         0  (        0 /        0 )  0.00

==================================
Stage : incr_opt 
==================================
  =================
   Message Summary
  =================
--------------------------------------------------------------------------------
|   Id    |  Sev   |Count |                   Message Text                     |
--------------------------------------------------------------------------------
| CFM-1   |Info    |    1 |Wrote dofile.                                       |
| CFM-5   |Info    |    1 |Wrote formal verification information.              |
| CPI-506 |Warning |    1 |Command 'commit_power_intent' cannot proceed as     |
|         |        |      | there is no power intent loaded.                   |
| LBR-155 |Info    |  248 |Mismatch in unateness between 'timing_sense'        |
|         |        |      | attribute and the function.                        |
|         |        |      |The 'timing_sense' attribute will be respected.     |
| LBR-170 |Info    |   32 |Ignoring specified timing sense.                    |
|         |        |      |Timing sense should never be set with 'rising_edge' |
|         |        |      | or 'falling_edge' timing type.                     |
| PA-7    |Info    |    4 |Resetting power analysis results.                   |
|         |        |      |All computed switching activities are removed.      |
| SYNTH-5 |Info    |    1 |Done mapping.                                       |
| SYNTH-7 |Info    |    1 |Incrementally optimizing.                           |
--------------------------------------------------------------------------------
Info    : Done incrementally optimizing. [SYNTH-8]
        : Done incrementally optimizing 'ECC_Cache_System'.
      flow.cputime  flow.realtime  timing.setup.tns  timing.setup.wns  snapshot
UM:*                                                                   syn_opt
@file(run.tcl) 12: write_hdl > fourburstonlycache_netlist.v
@file(run.tcl) 13: write_sdc  > fourburstonlycache.sdc
Finished SDC export (command execution time mm:ss (real) = 00:00).
@file(run.tcl) 17: report timing > fourburstonlycache_timing.rpt
@file(run.tcl) 18: report power > fourburstonlycache_power.rpt
Info    : Joules engine is used. [RPT-16]
        : Joules engine is being used for the command report_power.
Info   : ACTP-0001 [ACTPInfo] Activity propagation started for stim#0 netlist
       : ECC_Cache_System
Info   : ACTP-0009 [ACTPInfo] Activity Propagation Progress Report :   0%   1%   2%   3%   4%   5%   6%   7%   8%   9%  10%  11%  12%  13%  14%  15%  16%  17%  18%  19%  20%  21%  22%  23%  24%  25%  26%  27%  28%  29%  30%  31%  32%  33%  34%  35%  36%  37%  38%  39%  40%  41%  42%  43%  44%  45%  46%  47%  48%  49%  50%  51%  52%  53%  54%  55%  56%  57%  58%  59%  60%  61%  62%  63%  64%  65%  66%  67%  68%  69%  70%  71%  72%  73%  74%  75%  76%  77%  78%  79%  80%  81%  82%  83%  84%  85%  86%  87%  88%  89%  90%  91%  92%  93%  94%  95%  96%  97%  98%  99% 100%
Info   : ACTP-0001 Activity propagation ended for stim#0
Info   : PWRA-0001 [PwrInfo] compute_power effective options 
       : -mode : vectorless
       : -skip_propagation : 1
       : -frequency_scaling_factor : 1.0
       : -use_clock_freq : stim
       : -stim :/stim#0
       : -fromGenus : 1
Info   : ACTP-0001 Timing initialization started
Info   : ACTP-0001 Timing initialization ended
Info   : PWRA-0002 [PwrInfo] Skipping activity propagation due to -skip_ap
       : option....
Warning: PWRA-0302 [PwrWarn] Frequency scaling is not applicable for vectorless
       : flow. Ignoring frequency scaling.
Warning: PWRA-0304 [PwrWarn] -stim option is not applicable with vectorless mode
       : of power analysis, ignored this option.
Info   : PWRA-0002 Started 'vectorless' power computation.
Info   : PWRA-0009 [PwrInfo] Power Computation Progress Report :   0%   1%   2%   3%   4%   5%   6%   7%   8%   9%  10%  11%  12%  13%  14%  15%  16%  17%  18%  19%  20%  21%  22%  23%  24%  25%  26%  27%  28%  29%  30%  31%  32%  33%  34%  35%  36%  37%  38%  39%  40%  41%  42%  43%  44%  45%  46%  47%  48%  49%  50%  51%  52%  53%  54%  55%  56%  57%  58%  59%  60%  61%  62%  63%  64%  65%  66%  67%  68%  69%  70%  71%  72%  73%  74%  75%  76%  77%  78%  79%  80%  81%  82%  83%  84%  85%  86%  87%  88%  89%  90%  91%  92%  93%  94%  95%  96%  97%  98%  99% 100%
Info   : PWRA-0002 Finished power computation.
Info   : PWRA-0007 [PwrInfo] Completed successfully.
       : Info=6, Warn=2, Error=0, Fatal=0
Output file: fourburstonlycache_power.rpt
@file(run.tcl) 19: report area > fourburstonlycache_area.rpt
@file(run.tcl) 20: report gates > fourburstonlycache_gates.rpt
@file(run.tcl) 21: report qor > fourburstonlycache_qor.rpt
#@ End verbose source ./run.tcl
